
****** v++ v2026.1 (64-bit)
  **** SW Build 6511674 on 2026-06-16-13:14:00
  **** Start of session at: Fri Oct  2 21:44:23 2026
    ** Copyright 1986-2022 Xilinx, Inc. All Rights Reserved.
    ** Copyright 2022-2026 Advanced Micro Devices, Inc. All Rights Reserved.

  **** HLS Build v2026.1 6493734

INFO: [HLS 200-2005] Using work_dir D:/KV260-project-HLS/b_qwen35/build/b03_double_hls 

INFO: [HLS 200-2006] Changing directory to D:/KV260-project-HLS/b_qwen35/build

INFO: [HLS 200-2176] Writing Vitis IDE component file D:/KV260-project-HLS/b_qwen35/build/b03_double_hls/vitis-comp.json

INFO: [HLS 200-10] Creating and opening component 'D:/KV260-project-HLS/b_qwen35/build/b03_double_hls'.

INFO: [HLS 200-2174] Applying component config ini file ../hls_prefill_double.cfg

INFO: [HLS 200-1465] Applying config ini 'syn.file=src/w4a8_prefill_v1.cpp' from ../hls_prefill_double.cfg(5)

INFO: [HLS 200-10] Adding design file 'D:/KV260-project-HLS/b_qwen35/src/w4a8_prefill_v1.cpp' to the project

INFO: [HLS 200-1465] Applying config ini 'syn.cflags=-DB02_CACHE_X -DB02_AXI_X128 -DB03_TEST -DB03_REUSE -DB03_DOUBLE_BUFFER -ffp-contract=off' from ../hls_prefill_double.cfg(7)

INFO: [HLS 200-1465] Applying config ini 'tb.file=tb/tb_prefill_v1.cpp' from ../hls_prefill_double.cfg(8)

INFO: [HLS 200-10] Adding test bench file 'D:/KV260-project-HLS/b_qwen35/tb/tb_prefill_v1.cpp' to the project

INFO: [HLS 200-1465] Applying config ini 'tb.cflags=-DB02_CACHE_X -DB02_AXI_X128 -DB03_TEST -DB03_REUSE -DB03_DOUBLE_BUFFER -ffp-contract=off' from ../hls_prefill_double.cfg(9)

INFO: [HLS 200-1465] Applying config ini 'syn.top=w4a8_linear_v1' from ../hls_prefill_double.cfg(6)

INFO: [HLS 200-1465] Applying config ini 'flow_target=vitis' from ../hls_prefill_double.cfg(4)

INFO: [HLS 200-1505] Using flow_target 'vitis'

Resolution: For help on HLS 200-1505 see docs.amd.com/access/sources/dita/topic?Doc_Version=2026.1%20English&url=ug1448-hls-guidance&resourceid=200-1505.html

WARNING: [HLS 200-2149] The 'flow_target' option is deprecated and will be removed in a future release. For 'vitis' value see below messsages for equivalent options.

INFO: [HLS 200-435] Setting 'flow_target=vitis' configuration: config_interface -default_axi=1

INFO: [HLS 200-435] Setting 'flow_target=vitis' configuration: config_interface -m_axi_latency=64

INFO: [HLS 200-435] Setting 'flow_target=vitis' configuration: config_interface -m_axi_alignment_byte_size=64

INFO: [HLS 200-435] Setting 'flow_target=vitis' configuration: config_interface -m_axi_max_widen_bitwidth=512

INFO: [HLS 200-435] Setting 'flow_target=vitis' configuration: config_rtl -register_reset_num=3

INFO: [HLS 200-1465] Applying config ini 'part=xck26-sfvc784-2LV-c' from ../hls_prefill_double.cfg(1)

INFO: [HLS 200-1611] Setting target device to 'xck26-sfvc784-2LV-c'

INFO: [HLS 200-1465] Applying config ini 'clock=6.667' from ../hls_prefill_double.cfg(10)

INFO: [SYN 201-201] Setting up clock 'default' with a period of 6.667ns.

INFO: [HLS 200-1465] Applying config ini 'cosim.argv=--suite b03_cosim' from ../hls_prefill_double.cfg(14)

INFO: [HLS 200-1465] Applying config ini 'cosim.rtl=verilog' from ../hls_prefill_double.cfg(15)

INFO: [HLS 200-1465] Applying config ini 'cosim.tool=xsim' from ../hls_prefill_double.cfg(16)

INFO: [HLS 200-1465] Applying config ini 'cosim.trace_level=port' from ../hls_prefill_double.cfg(17)

INFO: [HLS 200-1465] Applying config ini 'csim.argv=--suite full' from ../hls_prefill_double.cfg(13)

INFO: [HLS 200-1465] Applying config ini 'package.output.format=xo' from ../hls_prefill_double.cfg(18)

INFO: [HLS 200-1465] Applying config ini 'syn.compile.pipeline_loops=0' from ../hls_prefill_double.cfg(12)

INFO: [HLS 200-1465] Applying config ini 'syn.compile.unsafe_math_optimizations=0' from ../hls_prefill_double.cfg(11)

INFO: [HLS 200-2176] Writing Vitis IDE component file D:/KV260-project-HLS/b_qwen35/build/b03_double_hls/vitis-comp.json

INFO: [HLS 200-111] Finished File checks and directory preparation: CPU user time: 5 seconds. CPU system time: 9 seconds. Elapsed time: 15.674 seconds; current allocated memory: 427.855 MB.

INFO: [HLS 200-2191] C-Synthesis will use clang-16 as the compiler

INFO: [HLS 200-10] Analyzing design file '../src/w4a8_prefill_v1.cpp' ... 

INFO: [HLS 200-111] Finished Source Code Analysis and Preprocessing: CPU user time: 1 seconds. CPU system time: 1 seconds. Elapsed time: 6.571 seconds; current allocated memory: 431.277 MB.

INFO: [HLS 200-1995] There were 1,290 instructions in the design after the 'Compile/Link' phase of compilation. See the Design Size Report for more details (D:/KV260-project-HLS/b_qwen35/build/b03_double_hls/hls/syn/report/csynth_design_size.rpt:2)

INFO: [HLS 214-131] Inlining function '(anonymous namespace)::load_weight_tile(unsigned char const*, unsigned long long, unsigned char*)' into '(anonymous namespace)::contains_invalid_w4(unsigned char const*, unsigned int, unsigned int, unsigned int)' (../src/w4a8_prefill_v1.cpp:102:13)

INFO: [HLS 214-131] Inlining function '(anonymous namespace)::load_weight_tile(unsigned char const*, unsigned long long, unsigned char*)' into '(anonymous namespace)::load_prefill_group(unsigned char const*, float const*, unsigned long long, bool, unsigned char*, float*)' (../src/w4a8_prefill_v1.cpp:248:9)

INFO: [HLS 214-131] Inlining function '(anonymous namespace)::load_weight_tile(unsigned char const*, unsigned long long, unsigned char*)' into 'w4a8_linear_v1' (../src/w4a8_prefill_v1.cpp:691:17)

INFO: [HLS 214-291] Loop 'VITIS_LOOP_57_2' is marked as complete unroll implied by the pipeline pragma (../src/w4a8_prefill_v1.cpp:57:26)

INFO: [HLS 214-291] Loop 'VITIS_LOOP_174_3' is marked as complete unroll implied by the pipeline pragma (../src/w4a8_prefill_v1.cpp:174:27)

INFO: [HLS 214-291] Loop 'VITIS_LOOP_114_4' is marked as complete unroll implied by the pipeline pragma (../src/w4a8_prefill_v1.cpp:114:35)

INFO: [HLS 214-186] Unrolling loop 'VITIS_LOOP_57_2' (../src/w4a8_prefill_v1.cpp:57:26) in function 'w4a8_linear_v1' completely with a factor of 16 (../src/w4a8_prefill_v1.cpp:473:0)

INFO: [HLS 214-186] Unrolling loop 'VITIS_LOOP_174_3' (../src/w4a8_prefill_v1.cpp:174:27) in function 'w4a8_tile_group_sums' completely with a factor of 32 (../src/w4a8_prefill_v1.cpp:146:0)

INFO: [HLS 214-186] Unrolling loop 'VITIS_LOOP_155_1' (../src/w4a8_prefill_v1.cpp:155:23) in function 'w4a8_tile_group_sums' completely with a factor of 32 (../src/w4a8_prefill_v1.cpp:146:0)

INFO: [HLS 214-186] Unrolling loop 'VITIS_LOOP_57_2' (../src/w4a8_prefill_v1.cpp:57:26) in function '(anonymous namespace)::load_prefill_group' completely with a factor of 16 (../src/w4a8_prefill_v1.cpp:236:0)

INFO: [HLS 214-186] Unrolling loop 'VITIS_LOOP_57_2' (../src/w4a8_prefill_v1.cpp:57:26) in function '(anonymous namespace)::contains_invalid_w4' completely with a factor of 16 (../src/w4a8_prefill_v1.cpp:73:0)

INFO: [HLS 214-186] Unrolling loop 'VITIS_LOOP_114_4' (../src/w4a8_prefill_v1.cpp:114:35) in function '(anonymous namespace)::contains_invalid_w4' completely with a factor of 32 (../src/w4a8_prefill_v1.cpp:73:0)

INFO: [HLS 200-1995] There were 4,166 instructions in the design after the 'Unroll/Inline' phase of compilation. See the Design Size Report for more details (D:/KV260-project-HLS/b_qwen35/build/b03_double_hls/hls/syn/report/csynth_design_size.rpt:2)

INFO: [HLS 200-1995] There were 3,219 instructions in the design after the 'Unroll/Inline (step 2)' phase of compilation. See the Design Size Report for more details (D:/KV260-project-HLS/b_qwen35/build/b03_double_hls/hls/syn/report/csynth_design_size.rpt:2)

INFO: [HLS 214-178] Inlining function '(anonymous namespace)::round_up(unsigned int, unsigned int)' into 'w4a8_linear_v1' (../src/w4a8_prefill_v1.cpp:473:0)

INFO: [HLS 200-1995] There were 2,884 instructions in the design after the 'Unroll/Inline (step 3)' phase of compilation. See the Design Size Report for more details (D:/KV260-project-HLS/b_qwen35/build/b03_double_hls/hls/syn/report/csynth_design_size.rpt:2)

INFO: [HLS 200-1995] There were 2,868 instructions in the design after the 'Unroll/Inline (step 4)' phase of compilation. See the Design Size Report for more details (D:/KV260-project-HLS/b_qwen35/build/b03_double_hls/hls/syn/report/csynth_design_size.rpt:2)

WARNING: [HLS 214-464] Skipping array undecay on variable length array 'w_packed'. (../src/w4a8_prefill_v1.cpp:329:0)

WARNING: [HLS 214-464] Skipping array undecay on variable length array 'sw'. (../src/w4a8_prefill_v1.cpp:329:0)

WARNING: [HLS 214-464] Skipping array undecay on variable length array 'w_packed'. (../src/w4a8_prefill_v1.cpp:308:0)

WARNING: [HLS 214-464] Skipping array undecay on variable length array 'sw'. (../src/w4a8_prefill_v1.cpp:308:0)

INFO: [HLS 214-248] Applying array_partition to 'sums': Complete partitioning on dimension 1. (../src/w4a8_prefill_v1.cpp:278:22)

INFO: [HLS 214-248] Applying array_partition to 'sums': Complete partitioning on dimension 1. (../src/w4a8_prefill_v1.cpp:649:18)

INFO: [HLS 200-1995] There were 3,219 instructions in the design after the 'Array/Struct' phase of compilation. See the Design Size Report for more details (D:/KV260-project-HLS/b_qwen35/build/b03_double_hls/hls/syn/report/csynth_design_size.rpt:2)

INFO: [HLS 200-1995] There were 3,219 instructions in the design after the 'Array/Struct (step 2)' phase of compilation. See the Design Size Report for more details (D:/KV260-project-HLS/b_qwen35/build/b03_double_hls/hls/syn/report/csynth_design_size.rpt:2)

INFO: [HLS 200-1995] There were 3,219 instructions in the design after the 'Array/Struct (step 3)' phase of compilation. See the Design Size Report for more details (D:/KV260-project-HLS/b_qwen35/build/b03_double_hls/hls/syn/report/csynth_design_size.rpt:2)

INFO: [HLS 214-248] Applying array_reshape to 'weight_tile': Cyclic reshaping with factor 16 on dimension 1. (../src/w4a8_prefill_v1.cpp:75:18)

INFO: [HLS 214-248] Applying array_reshape to 'weights_first': Cyclic reshaping with factor 16 on dimension 1. (../src/w4a8_prefill_v1.cpp:347:18)

INFO: [HLS 214-248] Applying array_reshape to 'weights_second': Cyclic reshaping with factor 16 on dimension 1. (../src/w4a8_prefill_v1.cpp:357:18)

INFO: [HLS 214-248] Applying array_reshape to 'weight_tile': Cyclic reshaping with factor 16 on dimension 1. (../src/w4a8_prefill_v1.cpp:631:18)

INFO: [HLS 200-1995] There were 4,025 instructions in the design after the 'Array/Struct (step 4)' phase of compilation. See the Design Size Report for more details (D:/KV260-project-HLS/b_qwen35/build/b03_double_hls/hls/syn/report/csynth_design_size.rpt:2)

INFO: [HLS 200-1995] There were 3,040 instructions in the design after the 'Array/Struct (step 5)' phase of compilation. See the Design Size Report for more details (D:/KV260-project-HLS/b_qwen35/build/b03_double_hls/hls/syn/report/csynth_design_size.rpt:2)

INFO: [HLS 200-1995] There were 3,017 instructions in the design after the 'Performance' phase of compilation. See the Design Size Report for more details (D:/KV260-project-HLS/b_qwen35/build/b03_double_hls/hls/syn/report/csynth_design_size.rpt:2)

INFO: [HLS 214-437] Disabling loop flattening for loop 'VITIS_LOOP_367_1'. (../src/w4a8_prefill_v1.cpp:367:23)

INFO: [HLS 214-437] Disabling loop flattening for loop 'VITIS_LOOP_275_1'. (../src/w4a8_prefill_v1.cpp:275:23)

INFO: [HLS 200-1995] There were 2,918 instructions in the design after the 'Performance (step 2)' phase of compilation. See the Design Size Report for more details (D:/KV260-project-HLS/b_qwen35/build/b03_double_hls/hls/syn/report/csynth_design_size.rpt:2)

INFO: [HLS 200-1995] There were 2,910 instructions in the design after the 'Performance (step 3)' phase of compilation. See the Design Size Report for more details (D:/KV260-project-HLS/b_qwen35/build/b03_double_hls/hls/syn/report/csynth_design_size.rpt:2)

INFO: [HLS 200-1995] There were 2,910 instructions in the design after the 'Performance (step 4)' phase of compilation. See the Design Size Report for more details (D:/KV260-project-HLS/b_qwen35/build/b03_double_hls/hls/syn/report/csynth_design_size.rpt:2)

INFO: [HLS 214-115] Multiple burst reads of variable length and bit width 128 has been inferred on bundle 'gmem_w'. These burst requests might be further partitioned into multiple requests during RTL generation, based on max_read_burst_length or max_write_burst_length settings. (../src/w4a8_prefill_v1.cpp:85:22)

INFO: [HLS 214-115] Multiple burst reads of length 128 and bit width 128 in loop 'VITIS_LOOP_51_1'(../src/w4a8_prefill_v1.cpp:51:22) has been inferred on bundle 'gmem_w'. These burst requests might be further partitioned into multiple requests during RTL generation, based on max_read_burst_length or max_write_burst_length settings. (../src/w4a8_prefill_v1.cpp:51:22)

INFO: [HLS 214-115] Multiple burst reads of length 2 and bit width 512 has been inferred on bundle 'gmem_sw'. These burst requests might be further partitioned into multiple requests during RTL generation, based on max_read_burst_length or max_write_burst_length settings. (../src/w4a8_prefill_v1.cpp:251:27)

INFO: [HLS 214-115] Multiple burst writes of length 32 and bit width 32 in loop 'VITIS_LOOP_440_8'(../src/w4a8_prefill_v1.cpp:440:31) has been inferred on bundle 'gmem_y'. These burst requests might be further partitioned into multiple requests during RTL generation, based on max_read_burst_length or max_write_burst_length settings. (../src/w4a8_prefill_v1.cpp:440:31)

INFO: [HLS 214-115] Multiple burst reads of variable length and bit width 128 has been inferred on bundle 'gmem_x'. These burst requests might be further partitioned into multiple requests during RTL generation, based on max_read_burst_length or max_write_burst_length settings. (../src/w4a8_prefill_v1.cpp:665:27)

INFO: [HLS 214-115] Multiple burst reads of variable length and bit width 128 has been inferred on bundle 'gmem_w'. These burst requests might be further partitioned into multiple requests during RTL generation, based on max_read_burst_length or max_write_burst_length settings. (../src/w4a8_prefill_v1.cpp:672:27)

INFO: [HLS 214-115] Multiple burst writes of variable length and bit width 32 has been inferred on bundle 'gmem_y'. These burst requests might be further partitioned into multiple requests during RTL generation, based on max_read_burst_length or max_write_burst_length settings. (../src/w4a8_prefill_v1.cpp:672:27)

INFO: [HLS 200-1995] There were 3,228 instructions in the design after the 'HW Transforms' phase of compilation. See the Design Size Report for more details (D:/KV260-project-HLS/b_qwen35/build/b03_double_hls/hls/syn/report/csynth_design_size.rpt:2)

INFO: [HLS 200-1995] There were 3,071 instructions in the design after the 'HW Transforms (step 2)' phase of compilation. See the Design Size Report for more details (D:/KV260-project-HLS/b_qwen35/build/b03_double_hls/hls/syn/report/csynth_design_size.rpt:2)

INFO: [HLS 200-111] Finished Compiling Optimization and Transform: CPU user time: 2 seconds. CPU system time: 1 seconds. Elapsed time: 14.51 seconds; current allocated memory: 435.711 MB.

INFO: [HLS 200-111] Finished Checking Pragmas: CPU user time: 0 seconds. CPU system time: 0 seconds. Elapsed time: 0.014 seconds; current allocated memory: 435.715 MB.

INFO: [HLS 200-10] Starting code transformations ...

INFO: [HLS 200-111] Finished Standard Transforms: CPU user time: 0 seconds. CPU system time: 0 seconds. Elapsed time: 0.222 seconds; current allocated memory: 442.617 MB.

INFO: [HLS 200-10] Checking synthesizability ...

INFO: [XFORM 203-602] Inlining function '(anonymous namespace)::decode_w4' into 'w4a8_tile_group_sums' (../src/w4a8_prefill_v1.cpp:186) automatically.

INFO: [XFORM 203-602] Inlining function '(anonymous namespace)::decode_w4' into 'w4a8_tile_group_sums.1' (../src/w4a8_prefill_v1.cpp:186) automatically.

INFO: [HLS 200-111] Finished Checking Synthesizability: CPU user time: 1 seconds. CPU system time: 0 seconds. Elapsed time: 0.28 seconds; current allocated memory: 446.648 MB.

WARNING: [XFORM 203-561] Updating loop trip count lower bound from 0 to 1 for loop 'VITIS_LOOP_685_5' (../src/w4a8_prefill_v1.cpp:685:50) in function 'w4a8_linear_v1'.

WARNING: [XFORM 203-561] Updating loop trip count lower bound from 0 to 1 for loop 'VITIS_LOOP_672_3' (../src/w4a8_prefill_v1.cpp:672:46) in function 'w4a8_linear_v1'.

INFO: [XFORM 203-602] Inlining function '(anonymous namespace)::decode_w4' into 'w4a8_tile_group_sums' (../src/w4a8_prefill_v1.cpp:186) automatically.

INFO: [XFORM 203-602] Inlining function '(anonymous namespace)::decode_w4' into 'w4a8_tile_group_sums.1' (../src/w4a8_prefill_v1.cpp:186) automatically.

INFO: [HLS 200-1947] Using 'stable' for argument 'gmem_w' of dataflow function '(anonymous namespace)::prefill_overlap' (../src/w4a8_prefill_v1.cpp:303:1).

INFO: [HLS 200-1947] Using 'stable' for argument 'w_packed' of dataflow function '(anonymous namespace)::prefill_overlap' (../src/w4a8_prefill_v1.cpp:303:1).

INFO: [HLS 200-1947] Using 'stable' for argument 'gmem_sw' of dataflow function '(anonymous namespace)::prefill_overlap' (../src/w4a8_prefill_v1.cpp:303:1).

INFO: [HLS 200-1947] Using 'stable' for argument 'sw' of dataflow function '(anonymous namespace)::prefill_overlap' (../src/w4a8_prefill_v1.cpp:303:1).

INFO: [HLS 200-1947] Using 'stable' for argument 'next_tile_group' of dataflow function '(anonymous namespace)::prefill_overlap' (../src/w4a8_prefill_v1.cpp:303:1).

INFO: [HLS 200-1947] Using 'stable' for argument 'has_next' of dataflow function '(anonymous namespace)::prefill_overlap' (../src/w4a8_prefill_v1.cpp:303:1).

INFO: [HLS 200-1947] Using 'stable' for argument 'current_weights' of dataflow function '(anonymous namespace)::prefill_overlap' (../src/w4a8_prefill_v1.cpp:303:1).

INFO: [HLS 200-1947] Using 'stable' for argument 'current_scales' of dataflow function '(anonymous namespace)::prefill_overlap' (../src/w4a8_prefill_v1.cpp:303:1).

INFO: [HLS 200-1947] Using 'stable' for argument 'activations' of dataflow function '(anonymous namespace)::prefill_overlap' (../src/w4a8_prefill_v1.cpp:303:1).

INFO: [HLS 200-1947] Using 'stable' for argument 'token_scales' of dataflow function '(anonymous namespace)::prefill_overlap' (../src/w4a8_prefill_v1.cpp:303:1).

INFO: [HLS 200-1947] Using 'stable' for argument 't' of dataflow function '(anonymous namespace)::prefill_overlap' (../src/w4a8_prefill_v1.cpp:303:1).

INFO: [HLS 200-1947] Using 'stable' for argument 'group' of dataflow function '(anonymous namespace)::prefill_overlap' (../src/w4a8_prefill_v1.cpp:303:1).

INFO: [XFORM 203-712] Applying dataflow to function '(anonymous namespace)::prefill_overlap' (../src/w4a8_prefill_v1.cpp:303:1), detected/extracted 2 process function(s): 

	 '(anonymous namespace)::load_prefill_group.1'

	 '(anonymous namespace)::compute_prefill_group'.

INFO: [XFORM 203-401] Performing if-conversion on hyperblock from (../src/w4a8_prefill_v1.cpp:740:1) to (../src/w4a8_prefill_v1.cpp:737:31) in function 'w4a8_linear_v1'... converting 3 basic blocks.

INFO: [XFORM 203-401] Performing if-conversion on hyperblock from (../src/w4a8_prefill_v1.cpp:443:1) to (../src/w4a8_prefill_v1.cpp:440:31) in function '(anonymous namespace)::compute_prefill'... converting 3 basic blocks.

INFO: [XFORM 203-11] Balancing expressions in function 'w4a8_linear_v1' (../src/w4a8_prefill_v1.cpp:10:35)...4 expression(s) balanced.

INFO: [HLS 200-111] Finished Loop, function and other optimizations: CPU user time: 0 seconds. CPU system time: 0 seconds. Elapsed time: 1.557 seconds; current allocated memory: 471.012 MB.

INFO: [HLS 200-2061] Successfully converted nested loops 'VITIS_LOOP_387_4'(../src/w4a8_prefill_v1.cpp:387:27) and 'VITIS_LOOP_390_5'(../src/w4a8_prefill_v1.cpp:390:31) in function '(anonymous namespace)::compute_prefill' into perfectly nested loops.

INFO: [HLS 200-2061] Successfully converted nested loops 'VITIS_LOOP_437_7'(../src/w4a8_prefill_v1.cpp:437:27) and 'VITIS_LOOP_440_8'(../src/w4a8_prefill_v1.cpp:440:31) in function '(anonymous namespace)::compute_prefill' into perfectly nested loops.

INFO: [HLS 200-2259] Flattening a loop nest with inner loop 'VITIS_LOOP_390_5' (../src/w4a8_prefill_v1.cpp:390:31) and outer loop 'VITIS_LOOP_387_4' (../src/w4a8_prefill_v1.cpp:387:27) in function '(anonymous namespace)::compute_prefill' successfully.

INFO: [HLS 200-2259] Flattening a loop nest with inner loop 'VITIS_LOOP_440_8' (../src/w4a8_prefill_v1.cpp:440:31) and outer loop 'VITIS_LOOP_437_7' (../src/w4a8_prefill_v1.cpp:437:27) in function '(anonymous namespace)::compute_prefill' successfully.

INFO: [HLS 200-111] Finished Architecture Synthesis: CPU user time: 1 seconds. CPU system time: 0 seconds. Elapsed time: 1.149 seconds; current allocated memory: 705.816 MB.

INFO: [HLS 200-2255] Checking Wire Delay Status: Wire Delay Mode is ON

INFO: [HLS 200-10] Starting hardware synthesis ...

INFO: [HLS 200-10] Synthesizing 'w4a8_linear_v1' ...

WARNING: [SYN 201-103] Legalizing function name '(anonymous namespace)write_meta' to 'p_anonymous_namespace_write_meta'.

WARNING: [SYN 201-103] Legalizing function name '(anonymous namespace)contains_invalid_w4_Pipeline_VITIS_LOOP_51_1' to 'p_anonymous_namespace_contains_invalid_w4_Pipeline_VITIS_LOOP_51_1'.

WARNING: [SYN 201-103] Legalizing function name '(anonymous namespace)contains_invalid_w4_Pipeline_VITIS_LOOP_105_3' to 'p_anonymous_namespace_contains_invalid_w4_Pipeline_VITIS_LOOP_105_3'.

WARNING: [SYN 201-103] Legalizing function name '(anonymous namespace)contains_invalid_w4' to 'p_anonymous_namespace_contains_invalid_w4'.

WARNING: [SYN 201-103] Legalizing function name '(anonymous namespace)compute_prefill_Pipeline_VITIS_LOOP_373_2' to 'p_anonymous_namespace_compute_prefill_Pipeline_VITIS_LOOP_373_2'.

WARNING: [SYN 201-103] Legalizing function name '(anonymous namespace)compute_prefill_Pipeline_VITIS_LOOP_387_4_VITIS_LOOP_390_5' to 'p_anonymous_namespace_compute_prefill_Pipeline_VITIS_LOOP_387_4_VITIS_LOOP_390_5'.

WARNING: [SYN 201-103] Legalizing function name '(anonymous namespace)load_prefill_group_Pipeline_VITIS_LOOP_51_1' to 'p_anonymous_namespace_load_prefill_group_Pipeline_VITIS_LOOP_51_1'.

WARNING: [SYN 201-103] Legalizing function name '(anonymous namespace)load_prefill_group_Pipeline_VITIS_LOOP_251_1' to 'p_anonymous_namespace_load_prefill_group_Pipeline_VITIS_LOOP_251_1'.

WARNING: [SYN 201-103] Legalizing function name '(anonymous namespace)load_prefill_group' to 'p_anonymous_namespace_load_prefill_group'.

WARNING: [SYN 201-103] Legalizing function name '(anonymous namespace)load_prefill_group.1_Pipeline_VITIS_LOOP_51_1' to 'p_anonymous_namespace_load_prefill_group_1_Pipeline_VITIS_LOOP_51_1'.

WARNING: [SYN 201-103] Legalizing function name '(anonymous namespace)load_prefill_group.1_Pipeline_VITIS_LOOP_251_1' to 'p_anonymous_namespace_load_prefill_group_1_Pipeline_VITIS_LOOP_251_1'.

WARNING: [SYN 201-103] Legalizing function name '(anonymous namespace)load_prefill_group.1' to 'p_anonymous_namespace_load_prefill_group_1'.

WARNING: [SYN 201-103] Legalizing function name '(anonymous namespace)compute_prefill_group_Pipeline_VITIS_LOOP_287_2' to 'p_anonymous_namespace_compute_prefill_group_Pipeline_VITIS_LOOP_287_2'.

WARNING: [SYN 201-103] Legalizing function name '(anonymous namespace)compute_prefill_group' to 'p_anonymous_namespace_compute_prefill_group'.

WARNING: [SYN 201-103] Legalizing function name '(anonymous namespace)prefill_overlap' to 'p_anonymous_namespace_prefill_overlap'.

WARNING: [SYN 201-103] Legalizing function name '(anonymous namespace)compute_prefill_Pipeline_VITIS_LOOP_437_7_VITIS_LOOP_440_8' to 'p_anonymous_namespace_compute_prefill_Pipeline_VITIS_LOOP_437_7_VITIS_LOOP_440_8'.

WARNING: [SYN 201-103] Legalizing function name '(anonymous namespace)compute_prefill' to 'p_anonymous_namespace_compute_prefill'.

WARNING: [SYN 201-103] Legalizing function name 'w4a8_tile_group_sums.1' to 'w4a8_tile_group_sums_1'.

INFO: [HLS 200-10] ----------------------------------------------------------------

INFO: [HLS 200-42] -- Implementing module 'p_anonymous_namespace_write_meta' 

INFO: [HLS 200-10] ----------------------------------------------------------------

INFO: [SCHED 204-11] Starting scheduling ...

INFO: [SCHED 204-11] Finished scheduling.

INFO: [HLS 200-111] Finished Scheduling: CPU user time: 1 seconds. CPU system time: 0 seconds. Elapsed time: 0.79 seconds; current allocated memory: 710.785 MB.

INFO: [BIND 205-100] Starting micro-architecture generation ...
INFO: [BIND 205-101] Performing variable lifetime analysis.
INFO: [BIND 205-101] Exploring resource sharing.
INFO: [BIND 205-101] Binding ...
INFO: [BIND 205-100] Finished micro-architecture generation.
INFO: [HLS 200-111] Finished Binding: CPU user time: 0 seconds. CPU system time: 0 seconds. Elapsed time: 0.182 seconds; current allocated memory: 712.422 MB.
INFO: [HLS 200-10] ----------------------------------------------------------------
INFO: [HLS 200-42] -- Implementing module 'p_anonymous_namespace_contains_invalid_w4_Pipeline_VITIS_LOOP_51_1' 
INFO: [HLS 200-10] ----------------------------------------------------------------
INFO: [SCHED 204-11] Starting scheduling ...
INFO: [SCHED 204-61] Pipelining loop 'VITIS_LOOP_51_1'.
INFO: [HLS 200-1470] Pipelining result : Target II = 1, Final II = 1, Depth = 3, loop 'VITIS_LOOP_51_1'
INFO: [SCHED 204-11] Finished scheduling.
INFO: [HLS 200-111] Finished Scheduling: CPU user time: 0 seconds. CPU system time: 0 seconds. Elapsed time: 0.201 seconds; current allocated memory: 713.496 MB.
INFO: [BIND 205-100] Starting micro-architecture generation ...
INFO: [BIND 205-101] Performing variable lifetime analysis.
INFO: [BIND 205-101] Exploring resource sharing.
INFO: [BIND 205-101] Binding ...
INFO: [BIND 205-100] Finished micro-architecture generation.
INFO: [HLS 200-111] Finished Binding: CPU user time: 0 seconds. CPU system time: 0 seconds. Elapsed time: 0.054 seconds; current allocated memory: 713.578 MB.
INFO: [HLS 200-10] ----------------------------------------------------------------
INFO: [HLS 200-42] -- Implementing module 'p_anonymous_namespace_contains_invalid_w4_Pipeline_VITIS_LOOP_105_3' 
INFO: [HLS 200-10] ----------------------------------------------------------------
INFO: [SCHED 204-11] Starting scheduling ...
INFO: [SCHED 204-61] Pipelining loop 'VITIS_LOOP_105_3'.
INFO: [HLS 200-1470] Pipelining result : Target II = 1, Final II = 1, Depth = 2, loop 'VITIS_LOOP_105_3'
INFO: [SCHED 204-11] Finished scheduling.
INFO: [HLS 200-111] Finished Scheduling: CPU user time: 0 seconds. CPU system time: 0 seconds. Elapsed time: 0.145 seconds; current allocated memory: 715.309 MB.
INFO: [BIND 205-100] Starting micro-architecture generation ...
INFO: [BIND 205-101] Performing variable lifetime analysis.
INFO: [BIND 205-101] Exploring resource sharing.
INFO: [BIND 205-101] Binding ...
INFO: [BIND 205-100] Finished micro-architecture generation.
INFO: [HLS 200-111] Finished Binding: CPU user time: 0 seconds. CPU system time: 0 seconds. Elapsed time: 0.12 seconds; current allocated memory: 715.723 MB.
INFO: [HLS 200-10] ----------------------------------------------------------------
INFO: [HLS 200-42] -- Implementing module 'p_anonymous_namespace_contains_invalid_w4' 
INFO: [HLS 200-10] ----------------------------------------------------------------
INFO: [SCHED 204-11] Starting scheduling ...
INFO: [SCHED 204-11] Finished scheduling.
INFO: [HLS 200-111] Finished Scheduling: CPU user time: 0 seconds. CPU system time: 0 seconds. Elapsed time: 0.225 seconds; current allocated memory: 716.566 MB.
INFO: [BIND 205-100] Starting micro-architecture generation ...
INFO: [BIND 205-101] Performing variable lifetime analysis.
INFO: [BIND 205-101] Exploring resource sharing.
INFO: [BIND 205-101] Binding ...
INFO: [BIND 205-100] Finished micro-architecture generation.
INFO: [HLS 200-111] Finished Binding: CPU user time: 0 seconds. CPU system time: 0 seconds. Elapsed time: 0.109 seconds; current allocated memory: 716.895 MB.
INFO: [HLS 200-10] ----------------------------------------------------------------
INFO: [HLS 200-42] -- Implementing module 'p_anonymous_namespace_compute_prefill_Pipeline_VITIS_LOOP_373_2' 
INFO: [HLS 200-10] ----------------------------------------------------------------
INFO: [SCHED 204-11] Starting scheduling ...
INFO: [SCHED 204-61] Pipelining loop 'VITIS_LOOP_373_2'.
INFO: [HLS 200-1470] Pipelining result : Target II = 1, Final II = 1, Depth = 74, loop 'VITIS_LOOP_373_2'
INFO: [SCHED 204-11] Finished scheduling.
INFO: [HLS 200-111] Finished Scheduling: CPU user time: 1 seconds. CPU system time: 0 seconds. Elapsed time: 0.674 seconds; current allocated memory: 717.328 MB.
INFO: [BIND 205-100] Starting micro-architecture generation ...
INFO: [BIND 205-101] Performing variable lifetime analysis.
INFO: [BIND 205-101] Exploring resource sharing.
INFO: [BIND 205-101] Binding ...
INFO: [BIND 205-100] Finished micro-architecture generation.
INFO: [HLS 200-111] Finished Binding: CPU user time: 0 seconds. CPU system time: 0 seconds. Elapsed time: 0.096 seconds; current allocated memory: 717.469 MB.
INFO: [HLS 200-10] ----------------------------------------------------------------
INFO: [HLS 200-42] -- Implementing module 'p_anonymous_namespace_compute_prefill_Pipeline_VITIS_LOOP_387_4_VITIS_LOOP_390_5' 
INFO: [HLS 200-10] ----------------------------------------------------------------
INFO: [SCHED 204-11] Starting scheduling ...
INFO: [SCHED 204-61] Pipelining loop 'VITIS_LOOP_387_4_VITIS_LOOP_390_5'.
INFO: [HLS 200-1470] Pipelining result : Target II = 1, Final II = 1, Depth = 2, loop 'VITIS_LOOP_387_4_VITIS_LOOP_390_5'
INFO: [SCHED 204-11] Finished scheduling.
INFO: [HLS 200-111] Finished Scheduling: CPU user time: 0 seconds. CPU system time: 0 seconds. Elapsed time: 0.125 seconds; current allocated memory: 717.684 MB.
INFO: [BIND 205-100] Starting micro-architecture generation ...
INFO: [BIND 205-101] Performing variable lifetime analysis.
INFO: [BIND 205-101] Exploring resource sharing.
INFO: [BIND 205-101] Binding ...
INFO: [BIND 205-100] Finished micro-architecture generation.
INFO: [HLS 200-111] Finished Binding: CPU user time: 0 seconds. CPU system time: 0 seconds. Elapsed time: 0.055 seconds; current allocated memory: 717.750 MB.
INFO: [HLS 200-10] ----------------------------------------------------------------
INFO: [HLS 200-42] -- Implementing module 'p_anonymous_namespace_load_prefill_group_Pipeline_VITIS_LOOP_51_1' 
INFO: [HLS 200-10] ----------------------------------------------------------------
INFO: [SCHED 204-11] Starting scheduling ...
INFO: [SCHED 204-61] Pipelining loop 'VITIS_LOOP_51_1'.
INFO: [HLS 200-1470] Pipelining result : Target II = 1, Final II = 1, Depth = 3, loop 'VITIS_LOOP_51_1'
INFO: [SCHED 204-11] Finished scheduling.
INFO: [HLS 200-111] Finished Scheduling: CPU user time: 0 seconds. CPU system time: 0 seconds. Elapsed time: 0.086 seconds; current allocated memory: 717.988 MB.
INFO: [BIND 205-100] Starting micro-architecture generation ...
INFO: [BIND 205-101] Performing variable lifetime analysis.
INFO: [BIND 205-101] Exploring resource sharing.
INFO: [BIND 205-101] Binding ...
INFO: [BIND 205-100] Finished micro-architecture generation.
INFO: [HLS 200-111] Finished Binding: CPU user time: 0 seconds. CPU system time: 0 seconds. Elapsed time: 0.045 seconds; current allocated memory: 718.262 MB.
INFO: [HLS 200-10] ----------------------------------------------------------------
INFO: [HLS 200-42] -- Implementing module 'p_anonymous_namespace_load_prefill_group_Pipeline_VITIS_LOOP_251_1' 
INFO: [HLS 200-10] ----------------------------------------------------------------
INFO: [SCHED 204-11] Starting scheduling ...
INFO: [SCHED 204-61] Pipelining loop 'VITIS_LOOP_251_1'.
INFO: [HLS 200-1470] Pipelining result : Target II = 1, Final II = 1, Depth = 3, loop 'VITIS_LOOP_251_1'
INFO: [SCHED 204-11] Finished scheduling.
INFO: [HLS 200-111] Finished Scheduling: CPU user time: 0 seconds. CPU system time: 0 seconds. Elapsed time: 0.082 seconds; current allocated memory: 718.449 MB.
INFO: [BIND 205-100] Starting micro-architecture generation ...
INFO: [BIND 205-101] Performing variable lifetime analysis.
INFO: [BIND 205-101] Exploring resource sharing.
INFO: [BIND 205-101] Binding ...
INFO: [BIND 205-100] Finished micro-architecture generation.
INFO: [HLS 200-111] Finished Binding: CPU user time: 0 seconds. CPU system time: 0 seconds. Elapsed time: 0.056 seconds; current allocated memory: 718.449 MB.
INFO: [HLS 200-10] ----------------------------------------------------------------
INFO: [HLS 200-42] -- Implementing module 'p_anonymous_namespace_load_prefill_group' 
INFO: [HLS 200-10] ----------------------------------------------------------------
INFO: [SCHED 204-11] Starting scheduling ...
INFO: [SCHED 204-11] Finished scheduling.
INFO: [HLS 200-111] Finished Scheduling: CPU user time: 0 seconds. CPU system time: 0 seconds. Elapsed time: 0.064 seconds; current allocated memory: 719.074 MB.
INFO: [BIND 205-100] Starting micro-architecture generation ...
INFO: [BIND 205-101] Performing variable lifetime analysis.
INFO: [BIND 205-101] Exploring resource sharing.
INFO: [BIND 205-101] Binding ...
INFO: [BIND 205-100] Finished micro-architecture generation.
INFO: [HLS 200-111] Finished Binding: CPU user time: 0 seconds. CPU system time: 1 seconds. Elapsed time: 0.093 seconds; current allocated memory: 719.215 MB.
INFO: [HLS 200-10] ----------------------------------------------------------------
INFO: [HLS 200-42] -- Implementing module 'p_anonymous_namespace_load_prefill_group_1_Pipeline_VITIS_LOOP_51_1' 
INFO: [HLS 200-10] ----------------------------------------------------------------
INFO: [SCHED 204-11] Starting scheduling ...
INFO: [SCHED 204-61] Pipelining loop 'VITIS_LOOP_51_1'.
INFO: [HLS 200-1470] Pipelining result : Target II = 1, Final II = 1, Depth = 3, loop 'VITIS_LOOP_51_1'
INFO: [SCHED 204-11] Finished scheduling.
INFO: [HLS 200-111] Finished Scheduling: CPU user time: 0 seconds. CPU system time: 0 seconds. Elapsed time: 0.11 seconds; current allocated memory: 719.691 MB.
INFO: [BIND 205-100] Starting micro-architecture generation ...
INFO: [BIND 205-101] Performing variable lifetime analysis.
INFO: [BIND 205-101] Exploring resource sharing.
INFO: [BIND 205-101] Binding ...
INFO: [BIND 205-100] Finished micro-architecture generation.
INFO: [HLS 200-111] Finished Binding: CPU user time: 0 seconds. CPU system time: 0 seconds. Elapsed time: 0.052 seconds; current allocated memory: 719.699 MB.
INFO: [HLS 200-10] ----------------------------------------------------------------
INFO: [HLS 200-42] -- Implementing module 'p_anonymous_namespace_load_prefill_group_1_Pipeline_VITIS_LOOP_251_1' 
INFO: [HLS 200-10] ----------------------------------------------------------------
INFO: [SCHED 204-11] Starting scheduling ...
INFO: [SCHED 204-61] Pipelining loop 'VITIS_LOOP_251_1'.
INFO: [HLS 200-1470] Pipelining result : Target II = 1, Final II = 1, Depth = 3, loop 'VITIS_LOOP_251_1'
INFO: [SCHED 204-11] Finished scheduling.
INFO: [HLS 200-111] Finished Scheduling: CPU user time: 0 seconds. CPU system time: 0 seconds. Elapsed time: 0.08 seconds; current allocated memory: 719.992 MB.
INFO: [BIND 205-100] Starting micro-architecture generation ...
INFO: [BIND 205-101] Performing variable lifetime analysis.
INFO: [BIND 205-101] Exploring resource sharing.
INFO: [BIND 205-101] Binding ...
INFO: [BIND 205-100] Finished micro-architecture generation.
INFO: [HLS 200-111] Finished Binding: CPU user time: 0 seconds. CPU system time: 0 seconds. Elapsed time: 0.056 seconds; current allocated memory: 720.336 MB.
INFO: [HLS 200-10] ----------------------------------------------------------------
INFO: [HLS 200-42] -- Implementing module 'p_anonymous_namespace_load_prefill_group_1' 
INFO: [HLS 200-10] ----------------------------------------------------------------
INFO: [SCHED 204-11] Starting scheduling ...
INFO: [SCHED 204-11] Finished scheduling.
INFO: [HLS 200-111] Finished Scheduling: CPU user time: 0 seconds. CPU system time: 0 seconds. Elapsed time: 0.073 seconds; current allocated memory: 720.727 MB.
INFO: [BIND 205-100] Starting micro-architecture generation ...
INFO: [BIND 205-101] Performing variable lifetime analysis.
INFO: [BIND 205-101] Exploring resource sharing.
INFO: [BIND 205-101] Binding ...
INFO: [BIND 205-100] Finished micro-architecture generation.
INFO: [HLS 200-111] Finished Binding: CPU user time: 0 seconds. CPU system time: 0 seconds. Elapsed time: 0.084 seconds; current allocated memory: 721.164 MB.
INFO: [HLS 200-10] ----------------------------------------------------------------
INFO: [HLS 200-42] -- Implementing module 'w4a8_tile_group_sums_Pipeline_VITIS_LOOP_165_2' 
INFO: [HLS 200-10] ----------------------------------------------------------------
INFO: [SCHED 204-11] Starting scheduling ...
INFO: [HLS 200-486] Changing DSP latency (root=add_ln189_31) to 3 in order to utilize available DSP registers.
INFO: [HLS 200-486] Changing DSP latency (root=add_ln189_30) to 3 in order to utilize available DSP registers.
INFO: [HLS 200-486] Changing DSP latency (root=add_ln189_29) to 3 in order to utilize available DSP registers.
INFO: [HLS 200-486] Changing DSP latency (root=add_ln189_28) to 3 in order to utilize available DSP registers.
INFO: [HLS 200-486] Changing DSP latency (root=add_ln189_27) to 3 in order to utilize available DSP registers.
INFO: [HLS 200-486] Changing DSP latency (root=add_ln189_26) to 3 in order to utilize available DSP registers.
INFO: [HLS 200-486] Changing DSP latency (root=add_ln189_25) to 3 in order to utilize available DSP registers.
INFO: [HLS 200-486] Changing DSP latency (root=add_ln189_24) to 3 in order to utilize available DSP registers.
INFO: [HLS 200-486] Changing DSP latency (root=add_ln189_23) to 3 in order to utilize available DSP registers.
INFO: [HLS 200-486] Changing DSP latency (root=add_ln189_22) to 3 in order to utilize available DSP registers.
INFO: [HLS 200-486] Changing DSP latency (root=add_ln189_21) to 3 in order to utilize available DSP registers.
INFO: [HLS 200-486] Changing DSP latency (root=add_ln189_20) to 3 in order to utilize available DSP registers.
INFO: [HLS 200-486] Changing DSP latency (root=add_ln189_19) to 3 in order to utilize available DSP registers.
INFO: [HLS 200-486] Changing DSP latency (root=add_ln189_18) to 3 in order to utilize available DSP registers.
INFO: [HLS 200-486] Changing DSP latency (root=add_ln189_17) to 3 in order to utilize available DSP registers.
INFO: [HLS 200-486] Changing DSP latency (root=add_ln189_16) to 3 in order to utilize available DSP registers.
INFO: [HLS 200-486] Changing DSP latency (root=add_ln189_15) to 3 in order to utilize available DSP registers.
INFO: [HLS 200-486] Changing DSP latency (root=add_ln189_14) to 3 in order to utilize available DSP registers.
INFO: [HLS 200-486] Changing DSP latency (root=add_ln189_13) to 3 in order to utilize available DSP registers.
INFO: [HLS 200-486] Changing DSP latency (root=add_ln189_12) to 3 in order to utilize available DSP registers.
INFO: [HLS 200-486] Changing DSP latency (root=add_ln189_11) to 3 in order to utilize available DSP registers.
INFO: [HLS 200-486] Changing DSP latency (root=add_ln189_10) to 3 in order to utilize available DSP registers.
INFO: [HLS 200-486] Changing DSP latency (root=add_ln189_9) to 3 in order to utilize available DSP registers.
INFO: [HLS 200-486] Changing DSP latency (root=add_ln189_8) to 3 in order to utilize available DSP registers.
INFO: [HLS 200-486] Changing DSP latency (root=add_ln189_7) to 3 in order to utilize available DSP registers.
INFO: [HLS 200-486] Changing DSP latency (root=add_ln189_6) to 3 in order to utilize available DSP registers.
INFO: [HLS 200-486] Changing DSP latency (root=add_ln189_5) to 3 in order to utilize available DSP registers.
INFO: [HLS 200-486] Changing DSP latency (root=add_ln189_4) to 3 in order to utilize available DSP registers.
INFO: [HLS 200-486] Changing DSP latency (root=add_ln189_3) to 3 in order to utilize available DSP registers.
INFO: [HLS 200-486] Changing DSP latency (root=add_ln189_2) to 3 in order to utilize available DSP registers.
INFO: [HLS 200-486] Changing DSP latency (root=add_ln189_1) to 3 in order to utilize available DSP registers.
INFO: [HLS 200-486] Changing DSP latency (root=add_ln189) to 3 in order to utilize available DSP registers.
INFO: [SCHED 204-61] Pipelining loop 'VITIS_LOOP_165_2'.
INFO: [HLS 200-1470] Pipelining result : Target II = 1, Final II = 1, Depth = 5, loop 'VITIS_LOOP_165_2'
INFO: [SCHED 204-11] Finished scheduling.
INFO: [HLS 200-111] Finished Scheduling: CPU user time: 1 seconds. CPU system time: 0 seconds. Elapsed time: 1.539 seconds; current allocated memory: 724.676 MB.
INFO: [BIND 205-100] Starting micro-architecture generation ...
INFO: [BIND 205-101] Performing variable lifetime analysis.
INFO: [BIND 205-101] Exploring resource sharing.
INFO: [BIND 205-101] Binding ...
INFO: [BIND 205-100] Finished micro-architecture generation.
INFO: [HLS 200-111] Finished Binding: CPU user time: 0 seconds. CPU system time: 0 seconds. Elapsed time: 0.239 seconds; current allocated memory: 724.836 MB.
INFO: [HLS 200-10] ----------------------------------------------------------------
INFO: [HLS 200-42] -- Implementing module 'w4a8_tile_group_sums' 
INFO: [HLS 200-10] ----------------------------------------------------------------
INFO: [SCHED 204-11] Starting scheduling ...
INFO: [SCHED 204-11] Finished scheduling.
INFO: [HLS 200-111] Finished Scheduling: CPU user time: 0 seconds. CPU system time: 0 seconds. Elapsed time: 0.288 seconds; current allocated memory: 725.285 MB.
INFO: [BIND 205-100] Starting micro-architecture generation ...
INFO: [BIND 205-101] Performing variable lifetime analysis.
INFO: [BIND 205-101] Exploring resource sharing.
INFO: [BIND 205-101] Binding ...
INFO: [BIND 205-100] Finished micro-architecture generation.
INFO: [HLS 200-111] Finished Binding: CPU user time: 0 seconds. CPU system time: 0 seconds. Elapsed time: 0.096 seconds; current allocated memory: 725.496 MB.
INFO: [HLS 200-10] ----------------------------------------------------------------
INFO: [HLS 200-42] -- Implementing module 'p_anonymous_namespace_compute_prefill_group_Pipeline_VITIS_LOOP_287_2' 
INFO: [HLS 200-10] ----------------------------------------------------------------
INFO: [SCHED 204-11] Starting scheduling ...
INFO: [SCHED 204-61] Pipelining loop 'VITIS_LOOP_287_2'.
INFO: [HLS 200-1470] Pipelining result : Target II = 1, Final II = 1, Depth = 21, loop 'VITIS_LOOP_287_2'
INFO: [SCHED 204-11] Finished scheduling.
INFO: [HLS 200-111] Finished Scheduling: CPU user time: 0 seconds. CPU system time: 0 seconds. Elapsed time: 1.3 seconds; current allocated memory: 725.754 MB.
INFO: [BIND 205-100] Starting micro-architecture generation ...
INFO: [BIND 205-101] Performing variable lifetime analysis.
INFO: [BIND 205-101] Exploring resource sharing.
INFO: [BIND 205-101] Binding ...
INFO: [BIND 205-100] Finished micro-architecture generation.
INFO: [HLS 200-111] Finished Binding: CPU user time: 0 seconds. CPU system time: 0 seconds. Elapsed time: 0.077 seconds; current allocated memory: 725.895 MB.
INFO: [HLS 200-10] ----------------------------------------------------------------
INFO: [HLS 200-42] -- Implementing module 'p_anonymous_namespace_compute_prefill_group' 
INFO: [HLS 200-10] ----------------------------------------------------------------
INFO: [SCHED 204-11] Starting scheduling ...
INFO: [SCHED 204-11] Finished scheduling.
INFO: [HLS 200-111] Finished Scheduling: CPU user time: 0 seconds. CPU system time: 0 seconds. Elapsed time: 0.12 seconds; current allocated memory: 726.184 MB.
INFO: [BIND 205-100] Starting micro-architecture generation ...
INFO: [BIND 205-101] Performing variable lifetime analysis.
INFO: [BIND 205-101] Exploring resource sharing.
INFO: [BIND 205-101] Binding ...
INFO: [BIND 205-100] Finished micro-architecture generation.
INFO: [HLS 200-111] Finished Binding: CPU user time: 0 seconds. CPU system time: 0 seconds. Elapsed time: 0.062 seconds; current allocated memory: 726.508 MB.
INFO: [HLS 200-10] ----------------------------------------------------------------
INFO: [HLS 200-42] -- Implementing module 'p_anonymous_namespace_prefill_overlap' 
INFO: [HLS 200-10] ----------------------------------------------------------------
INFO: [SCHED 204-11] Starting scheduling ...
INFO: [SCHED 204-11] Finished scheduling.
INFO: [HLS 200-111] Finished Scheduling: CPU user time: 0 seconds. CPU system time: 0 seconds. Elapsed time: 0.085 seconds; current allocated memory: 726.727 MB.
INFO: [BIND 205-100] Starting micro-architecture generation ...
INFO: [BIND 205-101] Performing variable lifetime analysis.
INFO: [BIND 205-101] Exploring resource sharing.
INFO: [BIND 205-101] Binding ...
INFO: [BIND 205-100] Finished micro-architecture generation.
INFO: [HLS 200-111] Finished Binding: CPU user time: 1 seconds. CPU system time: 0 seconds. Elapsed time: 0.057 seconds; current allocated memory: 726.844 MB.
INFO: [HLS 200-10] ----------------------------------------------------------------
INFO: [HLS 200-42] -- Implementing module 'p_anonymous_namespace_compute_prefill_Pipeline_VITIS_LOOP_437_7_VITIS_LOOP_440_8' 
INFO: [HLS 200-10] ----------------------------------------------------------------
INFO: [SCHED 204-11] Starting scheduling ...
INFO: [SCHED 204-61] Pipelining loop 'VITIS_LOOP_437_7_VITIS_LOOP_440_8'.
INFO: [HLS 200-1470] Pipelining result : Target II = 1, Final II = 1, Depth = 74, loop 'VITIS_LOOP_437_7_VITIS_LOOP_440_8'
INFO: [SCHED 204-11] Finished scheduling.
INFO: [HLS 200-111] Finished Scheduling: CPU user time: 0 seconds. CPU system time: 0 seconds. Elapsed time: 0.098 seconds; current allocated memory: 727.492 MB.
INFO: [BIND 205-100] Starting micro-architecture generation ...
INFO: [BIND 205-101] Performing variable lifetime analysis.
INFO: [BIND 205-101] Exploring resource sharing.
INFO: [BIND 205-101] Binding ...
INFO: [BIND 205-100] Finished micro-architecture generation.
INFO: [HLS 200-111] Finished Binding: CPU user time: 0 seconds. CPU system time: 0 seconds. Elapsed time: 0.089 seconds; current allocated memory: 728.055 MB.
INFO: [HLS 200-10] ----------------------------------------------------------------
INFO: [HLS 200-42] -- Implementing module 'p_anonymous_namespace_compute_prefill' 
INFO: [HLS 200-10] ----------------------------------------------------------------
INFO: [SCHED 204-11] Starting scheduling ...
INFO: [SCHED 204-11] Finished scheduling.
INFO: [HLS 200-111] Finished Scheduling: CPU user time: 0 seconds. CPU system time: 0 seconds. Elapsed time: 1.411 seconds; current allocated memory: 728.961 MB.
INFO: [BIND 205-100] Starting micro-architecture generation ...
INFO: [BIND 205-101] Performing variable lifetime analysis.
INFO: [BIND 205-101] Exploring resource sharing.
INFO: [BIND 205-101] Binding ...
INFO: [BIND 205-100] Finished micro-architecture generation.
INFO: [HLS 200-111] Finished Binding: CPU user time: 0 seconds. CPU system time: 0 seconds. Elapsed time: 0.1 seconds; current allocated memory: 729.152 MB.
INFO: [HLS 200-10] ----------------------------------------------------------------
INFO: [HLS 200-42] -- Implementing module 'w4a8_linear_v1_Pipeline_VITIS_LOOP_665_2' 
INFO: [HLS 200-10] ----------------------------------------------------------------
INFO: [SCHED 204-11] Starting scheduling ...
INFO: [SCHED 204-61] Pipelining loop 'VITIS_LOOP_665_2'.
INFO: [HLS 200-1470] Pipelining result : Target II = 1, Final II = 1, Depth = 3, loop 'VITIS_LOOP_665_2'
INFO: [SCHED 204-11] Finished scheduling.
INFO: [HLS 200-111] Finished Scheduling: CPU user time: 0 seconds. CPU system time: 0 seconds. Elapsed time: 0.157 seconds; current allocated memory: 729.293 MB.
INFO: [BIND 205-100] Starting micro-architecture generation ...
INFO: [BIND 205-101] Performing variable lifetime analysis.
INFO: [BIND 205-101] Exploring resource sharing.
INFO: [BIND 205-101] Binding ...
INFO: [BIND 205-100] Finished micro-architecture generation.
INFO: [HLS 200-111] Finished Binding: CPU user time: 0 seconds. CPU system time: 0 seconds. Elapsed time: 0.045 seconds; current allocated memory: 729.301 MB.
INFO: [HLS 200-10] ----------------------------------------------------------------
INFO: [HLS 200-42] -- Implementing module 'w4a8_linear_v1_Pipeline_VITIS_LOOP_675_4' 
INFO: [HLS 200-10] ----------------------------------------------------------------
INFO: [SCHED 204-11] Starting scheduling ...
INFO: [SCHED 204-61] Pipelining loop 'VITIS_LOOP_675_4'.
INFO: [HLS 200-1470] Pipelining result : Target II = 1, Final II = 1, Depth = 1, loop 'VITIS_LOOP_675_4'
INFO: [SCHED 204-11] Finished scheduling.
INFO: [HLS 200-111] Finished Scheduling: CPU user time: 0 seconds. CPU system time: 0 seconds. Elapsed time: 0.067 seconds; current allocated memory: 729.469 MB.
INFO: [BIND 205-100] Starting micro-architecture generation ...
INFO: [BIND 205-101] Performing variable lifetime analysis.
INFO: [BIND 205-101] Exploring resource sharing.
INFO: [BIND 205-101] Binding ...
INFO: [BIND 205-100] Finished micro-architecture generation.
INFO: [HLS 200-111] Finished Binding: CPU user time: 0 seconds. CPU system time: 0 seconds. Elapsed time: 0.044 seconds; current allocated memory: 729.477 MB.
INFO: [HLS 200-10] ----------------------------------------------------------------
INFO: [HLS 200-42] -- Implementing module 'w4a8_linear_v1_Pipeline_VITIS_LOOP_51_1' 
INFO: [HLS 200-10] ----------------------------------------------------------------
INFO: [SCHED 204-11] Starting scheduling ...
INFO: [SCHED 204-61] Pipelining loop 'VITIS_LOOP_51_1'.
INFO: [HLS 200-1470] Pipelining result : Target II = 1, Final II = 1, Depth = 3, loop 'VITIS_LOOP_51_1'
INFO: [SCHED 204-11] Finished scheduling.
INFO: [HLS 200-111] Finished Scheduling: CPU user time: 0 seconds. CPU system time: 0 seconds. Elapsed time: 0.083 seconds; current allocated memory: 729.613 MB.
INFO: [BIND 205-100] Starting micro-architecture generation ...
INFO: [BIND 205-101] Performing variable lifetime analysis.
INFO: [BIND 205-101] Exploring resource sharing.
INFO: [BIND 205-101] Binding ...
INFO: [BIND 205-100] Finished micro-architecture generation.
INFO: [HLS 200-111] Finished Binding: CPU user time: 0 seconds. CPU system time: 0 seconds. Elapsed time: 0.043 seconds; current allocated memory: 729.965 MB.
INFO: [HLS 200-10] ----------------------------------------------------------------
INFO: [HLS 200-42] -- Implementing module 'w4a8_linear_v1_Pipeline_VITIS_LOOP_706_6' 
INFO: [HLS 200-10] ----------------------------------------------------------------
INFO: [SCHED 204-11] Starting scheduling ...
INFO: [SCHED 204-61] Pipelining loop 'VITIS_LOOP_706_6'.
INFO: [HLS 200-1470] Pipelining result : Target II = 1, Final II = 1, Depth = 74, loop 'VITIS_LOOP_706_6'
INFO: [SCHED 204-11] Finished scheduling.
INFO: [HLS 200-111] Finished Scheduling: CPU user time: 0 seconds. CPU system time: 0 seconds. Elapsed time: 1.443 seconds; current allocated memory: 730.496 MB.
INFO: [BIND 205-100] Starting micro-architecture generation ...
INFO: [BIND 205-101] Performing variable lifetime analysis.
INFO: [BIND 205-101] Exploring resource sharing.
INFO: [BIND 205-101] Binding ...
INFO: [BIND 205-100] Finished micro-architecture generation.
INFO: [HLS 200-111] Finished Binding: CPU user time: 0 seconds. CPU system time: 0 seconds. Elapsed time: 0.091 seconds; current allocated memory: 730.523 MB.
INFO: [HLS 200-10] ----------------------------------------------------------------
INFO: [HLS 200-42] -- Implementing module 'w4a8_tile_group_sums_1' 
INFO: [HLS 200-10] ----------------------------------------------------------------
INFO: [SCHED 204-11] Starting scheduling ...
INFO: [HLS 200-486] Changing DSP latency (root=add_ln189_31) to 3 in order to utilize available DSP registers.
INFO: [HLS 200-486] Changing DSP latency (root=add_ln189_30) to 3 in order to utilize available DSP registers.
INFO: [HLS 200-486] Changing DSP latency (root=add_ln189_29) to 3 in order to utilize available DSP registers.
INFO: [HLS 200-486] Changing DSP latency (root=add_ln189_28) to 3 in order to utilize available DSP registers.
INFO: [HLS 200-486] Changing DSP latency (root=add_ln189_27) to 3 in order to utilize available DSP registers.
INFO: [HLS 200-486] Changing DSP latency (root=add_ln189_26) to 3 in order to utilize available DSP registers.
INFO: [HLS 200-486] Changing DSP latency (root=add_ln189_25) to 3 in order to utilize available DSP registers.
INFO: [HLS 200-486] Changing DSP latency (root=add_ln189_24) to 3 in order to utilize available DSP registers.
INFO: [HLS 200-486] Changing DSP latency (root=add_ln189_23) to 3 in order to utilize available DSP registers.
INFO: [HLS 200-486] Changing DSP latency (root=add_ln189_22) to 3 in order to utilize available DSP registers.
INFO: [HLS 200-486] Changing DSP latency (root=add_ln189_21) to 3 in order to utilize available DSP registers.
INFO: [HLS 200-486] Changing DSP latency (root=add_ln189_20) to 3 in order to utilize available DSP registers.
INFO: [HLS 200-486] Changing DSP latency (root=add_ln189_19) to 3 in order to utilize available DSP registers.
INFO: [HLS 200-486] Changing DSP latency (root=add_ln189_18) to 3 in order to utilize available DSP registers.
INFO: [HLS 200-486] Changing DSP latency (root=add_ln189_17) to 3 in order to utilize available DSP registers.
INFO: [HLS 200-486] Changing DSP latency (root=add_ln189_16) to 3 in order to utilize available DSP registers.
INFO: [HLS 200-486] Changing DSP latency (root=add_ln189_15) to 3 in order to utilize available DSP registers.
INFO: [HLS 200-486] Changing DSP latency (root=add_ln189_14) to 3 in order to utilize available DSP registers.
INFO: [HLS 200-486] Changing DSP latency (root=add_ln189_13) to 3 in order to utilize available DSP registers.
INFO: [HLS 200-486] Changing DSP latency (root=add_ln189_12) to 3 in order to utilize available DSP registers.
INFO: [HLS 200-486] Changing DSP latency (root=add_ln189_11) to 3 in order to utilize available DSP registers.
INFO: [HLS 200-486] Changing DSP latency (root=add_ln189_10) to 3 in order to utilize available DSP registers.
INFO: [HLS 200-486] Changing DSP latency (root=add_ln189_9) to 3 in order to utilize available DSP registers.
INFO: [HLS 200-486] Changing DSP latency (root=add_ln189_8) to 3 in order to utilize available DSP registers.
INFO: [HLS 200-486] Changing DSP latency (root=add_ln189_7) to 3 in order to utilize available DSP registers.
INFO: [HLS 200-486] Changing DSP latency (root=add_ln189_6) to 3 in order to utilize available DSP registers.
INFO: [HLS 200-486] Changing DSP latency (root=add_ln189_5) to 3 in order to utilize available DSP registers.
INFO: [HLS 200-486] Changing DSP latency (root=add_ln189_4) to 3 in order to utilize available DSP registers.
INFO: [HLS 200-486] Changing DSP latency (root=add_ln189_3) to 3 in order to utilize available DSP registers.
INFO: [HLS 200-486] Changing DSP latency (root=add_ln189_2) to 3 in order to utilize available DSP registers.
INFO: [HLS 200-486] Changing DSP latency (root=add_ln189_1) to 3 in order to utilize available DSP registers.
INFO: [HLS 200-486] Changing DSP latency (root=add_ln189) to 3 in order to utilize available DSP registers.
INFO: [SCHED 204-61] Pipelining loop 'VITIS_LOOP_165_2'.
INFO: [HLS 200-1470] Pipelining result : Target II = 1, Final II = 1, Depth = 5, loop 'VITIS_LOOP_165_2'
INFO: [SCHED 204-11] Finished scheduling.
INFO: [HLS 200-111] Finished Scheduling: CPU user time: 0 seconds. CPU system time: 0 seconds. Elapsed time: 2.056 seconds; current allocated memory: 734.531 MB.
INFO: [BIND 205-100] Starting micro-architecture generation ...
INFO: [BIND 205-101] Performing variable lifetime analysis.
INFO: [BIND 205-101] Exploring resource sharing.
INFO: [BIND 205-101] Binding ...
INFO: [BIND 205-100] Finished micro-architecture generation.
INFO: [HLS 200-111] Finished Binding: CPU user time: 1 seconds. CPU system time: 0 seconds. Elapsed time: 0.256 seconds; current allocated memory: 734.730 MB.
INFO: [HLS 200-10] ----------------------------------------------------------------
INFO: [HLS 200-42] -- Implementing module 'w4a8_linear_v1_Pipeline_VITIS_LOOP_723_7' 
INFO: [HLS 200-10] ----------------------------------------------------------------
INFO: [SCHED 204-11] Starting scheduling ...
INFO: [SCHED 204-61] Pipelining loop 'VITIS_LOOP_723_7'.
INFO: [HLS 200-1470] Pipelining result : Target II = 1, Final II = 1, Depth = 21, loop 'VITIS_LOOP_723_7'
INFO: [SCHED 204-11] Finished scheduling.
INFO: [HLS 200-111] Finished Scheduling: CPU user time: 0 seconds. CPU system time: 0 seconds. Elapsed time: 0.286 seconds; current allocated memory: 734.879 MB.
INFO: [BIND 205-100] Starting micro-architecture generation ...
INFO: [BIND 205-101] Performing variable lifetime analysis.
INFO: [BIND 205-101] Exploring resource sharing.
INFO: [BIND 205-101] Binding ...
INFO: [BIND 205-100] Finished micro-architecture generation.
INFO: [HLS 200-111] Finished Binding: CPU user time: 0 seconds. CPU system time: 0 seconds. Elapsed time: 0.066 seconds; current allocated memory: 734.895 MB.
INFO: [HLS 200-10] ----------------------------------------------------------------
INFO: [HLS 200-42] -- Implementing module 'w4a8_linear_v1_Pipeline_VITIS_LOOP_737_8' 
INFO: [HLS 200-10] ----------------------------------------------------------------
INFO: [SCHED 204-11] Starting scheduling ...
INFO: [SCHED 204-61] Pipelining loop 'VITIS_LOOP_737_8'.
INFO: [HLS 200-1470] Pipelining result : Target II = 1, Final II = 1, Depth = 2, loop 'VITIS_LOOP_737_8'
INFO: [SCHED 204-11] Finished scheduling.
INFO: [HLS 200-111] Finished Scheduling: CPU user time: 0 seconds. CPU system time: 1 seconds. Elapsed time: 0.086 seconds; current allocated memory: 734.969 MB.
INFO: [BIND 205-100] Starting micro-architecture generation ...
INFO: [BIND 205-101] Performing variable lifetime analysis.
INFO: [BIND 205-101] Exploring resource sharing.
INFO: [BIND 205-101] Binding ...
INFO: [BIND 205-100] Finished micro-architecture generation.
INFO: [HLS 200-111] Finished Binding: CPU user time: 0 seconds. CPU system time: 0 seconds. Elapsed time: 0.062 seconds; current allocated memory: 734.969 MB.
INFO: [HLS 200-10] ----------------------------------------------------------------
INFO: [HLS 200-42] -- Implementing module 'w4a8_linear_v1_Pipeline_VITIS_LOOP_747_9' 
INFO: [HLS 200-10] ----------------------------------------------------------------
INFO: [SCHED 204-11] Starting scheduling ...
INFO: [SCHED 204-61] Pipelining loop 'VITIS_LOOP_747_9'.
INFO: [HLS 200-1470] Pipelining result : Target II = 1, Final II = 1, Depth = 3, loop 'VITIS_LOOP_747_9'
INFO: [SCHED 204-11] Finished scheduling.
INFO: [HLS 200-111] Finished Scheduling: CPU user time: 0 seconds. CPU system time: 0 seconds. Elapsed time: 0.065 seconds; current allocated memory: 735.055 MB.
INFO: [BIND 205-100] Starting micro-architecture generation ...
INFO: [BIND 205-101] Performing variable lifetime analysis.
INFO: [BIND 205-101] Exploring resource sharing.
INFO: [BIND 205-101] Binding ...
INFO: [BIND 205-100] Finished micro-architecture generation.
INFO: [HLS 200-111] Finished Binding: CPU user time: 0 seconds. CPU system time: 0 seconds. Elapsed time: 0.039 seconds; current allocated memory: 735.059 MB.
INFO: [HLS 200-10] ----------------------------------------------------------------
INFO: [HLS 200-42] -- Implementing module 'w4a8_linear_v1' 
INFO: [HLS 200-10] ----------------------------------------------------------------
INFO: [SCHED 204-11] Starting scheduling ...
INFO: [SCHED 204-11] Finished scheduling.
INFO: [HLS 200-111] Finished Scheduling: CPU user time: 0 seconds. CPU system time: 0 seconds. Elapsed time: 1.17 seconds; current allocated memory: 738.039 MB.
INFO: [BIND 205-100] Starting micro-architecture generation ...
INFO: [BIND 205-101] Performing variable lifetime analysis.
INFO: [BIND 205-101] Exploring resource sharing.
INFO: [BIND 205-101] Binding ...
INFO: [BIND 205-100] Finished micro-architecture generation.
INFO: [HLS 200-111] Finished Binding: CPU user time: 0 seconds. CPU system time: 0 seconds. Elapsed time: 0.282 seconds; current allocated memory: 739.230 MB.
INFO: [HLS 200-10] ----------------------------------------------------------------
INFO: [HLS 200-10] -- Generating RTL for module 'p_anonymous_namespace_write_meta' 
INFO: [HLS 200-10] ----------------------------------------------------------------
INFO: [RTGEN 206-100] Finished creating RTL model for 'p_anonymous_namespace_write_meta'.
INFO: [HLS 200-111] Finished Creating RTL model: CPU user time: 1 seconds. CPU system time: 0 seconds. Elapsed time: 0.523 seconds; current allocated memory: 741.418 MB.
INFO: [HLS 200-10] ----------------------------------------------------------------
INFO: [HLS 200-10] -- Generating RTL for module 'p_anonymous_namespace_contains_invalid_w4_Pipeline_VITIS_LOOP_51_1' 
INFO: [HLS 200-10] ----------------------------------------------------------------
INFO: [HLS 200-1030] Apply Unified Pipeline Control on module 'p_anonymous_namespace_contains_invalid_w4_Pipeline_VITIS_LOOP_51_1' pipeline 'VITIS_LOOP_51_1' pipeline type 'loop pipeline'
WARNING: [RTGEN 206-101] Setting dangling out port 'p_anonymous_namespace_contains_invalid_w4_Pipeline_VITIS_LOOP_51_1/m_axi_gmem_w_0_ARVALID' to 0.
WARNING: [RTGEN 206-101] Setting dangling out port 'p_anonymous_namespace_contains_invalid_w4_Pipeline_VITIS_LOOP_51_1/m_axi_gmem_w_0_ARADDR' to 0.
WARNING: [RTGEN 206-101] Setting dangling out port 'p_anonymous_namespace_contains_invalid_w4_Pipeline_VITIS_LOOP_51_1/m_axi_gmem_w_0_ARID' to 0.
WARNING: [RTGEN 206-101] Setting dangling out port 'p_anonymous_namespace_contains_invalid_w4_Pipeline_VITIS_LOOP_51_1/m_axi_gmem_w_0_ARLEN' to 0.
WARNING: [RTGEN 206-101] Setting dangling out port 'p_anonymous_namespace_contains_invalid_w4_Pipeline_VITIS_LOOP_51_1/m_axi_gmem_w_0_ARSIZE' to 0.
WARNING: [RTGEN 206-101] Setting dangling out port 'p_anonymous_namespace_contains_invalid_w4_Pipeline_VITIS_LOOP_51_1/m_axi_gmem_w_0_ARBURST' to 0.
WARNING: [RTGEN 206-101] Setting dangling out port 'p_anonymous_namespace_contains_invalid_w4_Pipeline_VITIS_LOOP_51_1/m_axi_gmem_w_0_ARLOCK' to 0.
WARNING: [RTGEN 206-101] Setting dangling out port 'p_anonymous_namespace_contains_invalid_w4_Pipeline_VITIS_LOOP_51_1/m_axi_gmem_w_0_ARCACHE' to 0.
WARNING: [RTGEN 206-101] Setting dangling out port 'p_anonymous_namespace_contains_invalid_w4_Pipeline_VITIS_LOOP_51_1/m_axi_gmem_w_0_ARPROT' to 0.
WARNING: [RTGEN 206-101] Setting dangling out port 'p_anonymous_namespace_contains_invalid_w4_Pipeline_VITIS_LOOP_51_1/m_axi_gmem_w_0_ARQOS' to 0.
WARNING: [RTGEN 206-101] Setting dangling out port 'p_anonymous_namespace_contains_invalid_w4_Pipeline_VITIS_LOOP_51_1/m_axi_gmem_w_0_ARREGION' to 0.
WARNING: [RTGEN 206-101] Setting dangling out port 'p_anonymous_namespace_contains_invalid_w4_Pipeline_VITIS_LOOP_51_1/m_axi_gmem_w_0_ARUSER' to 0.
INFO: [RTGEN 206-100] Finished creating RTL model for 'p_anonymous_namespace_contains_invalid_w4_Pipeline_VITIS_LOOP_51_1'.
INFO: [HLS 200-111] Finished Creating RTL model: CPU user time: 0 seconds. CPU system time: 0 seconds. Elapsed time: 0.553 seconds; current allocated memory: 745.066 MB.
INFO: [HLS 200-10] ----------------------------------------------------------------
INFO: [HLS 200-10] -- Generating RTL for module 'p_anonymous_namespace_contains_invalid_w4_Pipeline_VITIS_LOOP_105_3' 
INFO: [HLS 200-10] ----------------------------------------------------------------
INFO: [HLS 200-1030] Apply Unified Pipeline Control on module 'p_anonymous_namespace_contains_invalid_w4_Pipeline_VITIS_LOOP_105_3' pipeline 'VITIS_LOOP_105_3' pipeline type 'loop pipeline'
INFO: [RTGEN 206-100] Finished creating RTL model for 'p_anonymous_namespace_contains_invalid_w4_Pipeline_VITIS_LOOP_105_3'.
INFO: [HLS 200-111] Finished Creating RTL model: CPU user time: 0 seconds. CPU system time: 0 seconds. Elapsed time: 0.545 seconds; current allocated memory: 747.297 MB.
INFO: [HLS 200-10] ----------------------------------------------------------------
INFO: [HLS 200-10] -- Generating RTL for module 'p_anonymous_namespace_contains_invalid_w4' 
INFO: [HLS 200-10] ----------------------------------------------------------------
INFO: [RTGEN 206-100] Generating core module 'mul_27ns_25ns_52_1_1': 1 instance(s).
INFO: [RTGEN 206-100] Finished creating RTL model for 'p_anonymous_namespace_contains_invalid_w4'.
INFO: [RTMG 210-278] Implementing memory 'w4a8_linear_v1_p_anonymous_namespace_contains_invalid_w4_weight_tile_RAM_AUTO_1R1W' using auto RAMs.
INFO: [HLS 200-111] Finished Creating RTL model: CPU user time: 0 seconds. CPU system time: 1 seconds. Elapsed time: 0.944 seconds; current allocated memory: 752.867 MB.
INFO: [HLS 200-10] ----------------------------------------------------------------
INFO: [HLS 200-10] -- Generating RTL for module 'p_anonymous_namespace_compute_prefill_Pipeline_VITIS_LOOP_373_2' 
INFO: [HLS 200-10] ----------------------------------------------------------------
INFO: [HLS 200-1030] Apply Unified Pipeline Control on module 'p_anonymous_namespace_compute_prefill_Pipeline_VITIS_LOOP_373_2' pipeline 'VITIS_LOOP_373_2' pipeline type 'loop pipeline'
INFO: [RTGEN 206-100] Finished creating RTL model for 'p_anonymous_namespace_compute_prefill_Pipeline_VITIS_LOOP_373_2'.
INFO: [HLS 200-111] Finished Creating RTL model: CPU user time: 1 seconds. CPU system time: 0 seconds. Elapsed time: 0.649 seconds; current allocated memory: 756.762 MB.
INFO: [HLS 200-10] ----------------------------------------------------------------
INFO: [HLS 200-10] -- Generating RTL for module 'p_anonymous_namespace_compute_prefill_Pipeline_VITIS_LOOP_387_4_VITIS_LOOP_390_5' 
INFO: [HLS 200-10] ----------------------------------------------------------------
INFO: [HLS 200-1030] Apply Unified Pipeline Control on module 'p_anonymous_namespace_compute_prefill_Pipeline_VITIS_LOOP_387_4_VITIS_LOOP_390_5' pipeline 'VITIS_LOOP_387_4_VITIS_LOOP_390_5' pipeline type 'loop pipeline'
INFO: [RTGEN 206-100] Finished creating RTL model for 'p_anonymous_namespace_compute_prefill_Pipeline_VITIS_LOOP_387_4_VITIS_LOOP_390_5'.
INFO: [HLS 200-111] Finished Creating RTL model: CPU user time: 0 seconds. CPU system time: 0 seconds. Elapsed time: 0.423 seconds; current allocated memory: 759.055 MB.
INFO: [HLS 200-10] ----------------------------------------------------------------
INFO: [HLS 200-10] -- Generating RTL for module 'p_anonymous_namespace_load_prefill_group_Pipeline_VITIS_LOOP_51_1' 
INFO: [HLS 200-10] ----------------------------------------------------------------
INFO: [HLS 200-1030] Apply Unified Pipeline Control on module 'p_anonymous_namespace_load_prefill_group_Pipeline_VITIS_LOOP_51_1' pipeline 'VITIS_LOOP_51_1' pipeline type 'loop pipeline'
WARNING: [RTGEN 206-101] Setting dangling out port 'p_anonymous_namespace_load_prefill_group_Pipeline_VITIS_LOOP_51_1/m_axi_gmem_w_0_ARVALID' to 0.
WARNING: [RTGEN 206-101] Setting dangling out port 'p_anonymous_namespace_load_prefill_group_Pipeline_VITIS_LOOP_51_1/m_axi_gmem_w_0_ARADDR' to 0.
WARNING: [RTGEN 206-101] Setting dangling out port 'p_anonymous_namespace_load_prefill_group_Pipeline_VITIS_LOOP_51_1/m_axi_gmem_w_0_ARID' to 0.
WARNING: [RTGEN 206-101] Setting dangling out port 'p_anonymous_namespace_load_prefill_group_Pipeline_VITIS_LOOP_51_1/m_axi_gmem_w_0_ARLEN' to 0.
WARNING: [RTGEN 206-101] Setting dangling out port 'p_anonymous_namespace_load_prefill_group_Pipeline_VITIS_LOOP_51_1/m_axi_gmem_w_0_ARSIZE' to 0.
WARNING: [RTGEN 206-101] Setting dangling out port 'p_anonymous_namespace_load_prefill_group_Pipeline_VITIS_LOOP_51_1/m_axi_gmem_w_0_ARBURST' to 0.
WARNING: [RTGEN 206-101] Setting dangling out port 'p_anonymous_namespace_load_prefill_group_Pipeline_VITIS_LOOP_51_1/m_axi_gmem_w_0_ARLOCK' to 0.
WARNING: [RTGEN 206-101] Setting dangling out port 'p_anonymous_namespace_load_prefill_group_Pipeline_VITIS_LOOP_51_1/m_axi_gmem_w_0_ARCACHE' to 0.
WARNING: [RTGEN 206-101] Setting dangling out port 'p_anonymous_namespace_load_prefill_group_Pipeline_VITIS_LOOP_51_1/m_axi_gmem_w_0_ARPROT' to 0.
WARNING: [RTGEN 206-101] Setting dangling out port 'p_anonymous_namespace_load_prefill_group_Pipeline_VITIS_LOOP_51_1/m_axi_gmem_w_0_ARQOS' to 0.
WARNING: [RTGEN 206-101] Setting dangling out port 'p_anonymous_namespace_load_prefill_group_Pipeline_VITIS_LOOP_51_1/m_axi_gmem_w_0_ARREGION' to 0.
WARNING: [RTGEN 206-101] Setting dangling out port 'p_anonymous_namespace_load_prefill_group_Pipeline_VITIS_LOOP_51_1/m_axi_gmem_w_0_ARUSER' to 0.
INFO: [RTGEN 206-100] Finished creating RTL model for 'p_anonymous_namespace_load_prefill_group_Pipeline_VITIS_LOOP_51_1'.
INFO: [HLS 200-111] Finished Creating RTL model: CPU user time: 0 seconds. CPU system time: 1 seconds. Elapsed time: 0.279 seconds; current allocated memory: 759.762 MB.
INFO: [HLS 200-10] ----------------------------------------------------------------
INFO: [HLS 200-10] -- Generating RTL for module 'p_anonymous_namespace_load_prefill_group_Pipeline_VITIS_LOOP_251_1' 
INFO: [HLS 200-10] ----------------------------------------------------------------
INFO: [HLS 200-1030] Apply Unified Pipeline Control on module 'p_anonymous_namespace_load_prefill_group_Pipeline_VITIS_LOOP_251_1' pipeline 'VITIS_LOOP_251_1' pipeline type 'loop pipeline'
WARNING: [RTGEN 206-101] Setting dangling out port 'p_anonymous_namespace_load_prefill_group_Pipeline_VITIS_LOOP_251_1/m_axi_gmem_sw_0_ARVALID' to 0.
WARNING: [RTGEN 206-101] Setting dangling out port 'p_anonymous_namespace_load_prefill_group_Pipeline_VITIS_LOOP_251_1/m_axi_gmem_sw_0_ARADDR' to 0.
WARNING: [RTGEN 206-101] Setting dangling out port 'p_anonymous_namespace_load_prefill_group_Pipeline_VITIS_LOOP_251_1/m_axi_gmem_sw_0_ARID' to 0.
WARNING: [RTGEN 206-101] Setting dangling out port 'p_anonymous_namespace_load_prefill_group_Pipeline_VITIS_LOOP_251_1/m_axi_gmem_sw_0_ARLEN' to 0.
WARNING: [RTGEN 206-101] Setting dangling out port 'p_anonymous_namespace_load_prefill_group_Pipeline_VITIS_LOOP_251_1/m_axi_gmem_sw_0_ARSIZE' to 0.
WARNING: [RTGEN 206-101] Setting dangling out port 'p_anonymous_namespace_load_prefill_group_Pipeline_VITIS_LOOP_251_1/m_axi_gmem_sw_0_ARBURST' to 0.
WARNING: [RTGEN 206-101] Setting dangling out port 'p_anonymous_namespace_load_prefill_group_Pipeline_VITIS_LOOP_251_1/m_axi_gmem_sw_0_ARLOCK' to 0.
WARNING: [RTGEN 206-101] Setting dangling out port 'p_anonymous_namespace_load_prefill_group_Pipeline_VITIS_LOOP_251_1/m_axi_gmem_sw_0_ARCACHE' to 0.
WARNING: [RTGEN 206-101] Setting dangling out port 'p_anonymous_namespace_load_prefill_group_Pipeline_VITIS_LOOP_251_1/m_axi_gmem_sw_0_ARPROT' to 0.
WARNING: [RTGEN 206-101] Setting dangling out port 'p_anonymous_namespace_load_prefill_group_Pipeline_VITIS_LOOP_251_1/m_axi_gmem_sw_0_ARQOS' to 0.
WARNING: [RTGEN 206-101] Setting dangling out port 'p_anonymous_namespace_load_prefill_group_Pipeline_VITIS_LOOP_251_1/m_axi_gmem_sw_0_ARREGION' to 0.
WARNING: [RTGEN 206-101] Setting dangling out port 'p_anonymous_namespace_load_prefill_group_Pipeline_VITIS_LOOP_251_1/m_axi_gmem_sw_0_ARUSER' to 0.
INFO: [RTGEN 206-100] Finished creating RTL model for 'p_anonymous_namespace_load_prefill_group_Pipeline_VITIS_LOOP_251_1'.
INFO: [HLS 200-111] Finished Creating RTL model: CPU user time: 0 seconds. CPU system time: 0 seconds. Elapsed time: 1.662 seconds; current allocated memory: 760.473 MB.
INFO: [HLS 200-10] ----------------------------------------------------------------
INFO: [HLS 200-10] -- Generating RTL for module 'p_anonymous_namespace_load_prefill_group' 
INFO: [HLS 200-10] ----------------------------------------------------------------
INFO: [RTGEN 206-100] Finished creating RTL model for 'p_anonymous_namespace_load_prefill_group'.
INFO: [HLS 200-111] Finished Creating RTL model: CPU user time: 0 seconds. CPU system time: 0 seconds. Elapsed time: 0.35 seconds; current allocated memory: 762.715 MB.
INFO: [HLS 200-10] ----------------------------------------------------------------
INFO: [HLS 200-10] -- Generating RTL for module 'p_anonymous_namespace_load_prefill_group_1_Pipeline_VITIS_LOOP_51_1' 
INFO: [HLS 200-10] ----------------------------------------------------------------
INFO: [HLS 200-1030] Apply Unified Pipeline Control on module 'p_anonymous_namespace_load_prefill_group_1_Pipeline_VITIS_LOOP_51_1' pipeline 'VITIS_LOOP_51_1' pipeline type 'loop pipeline'
WARNING: [RTGEN 206-101] Setting dangling out port 'p_anonymous_namespace_load_prefill_group_1_Pipeline_VITIS_LOOP_51_1/m_axi_gmem_w_0_ARVALID' to 0.
WARNING: [RTGEN 206-101] Setting dangling out port 'p_anonymous_namespace_load_prefill_group_1_Pipeline_VITIS_LOOP_51_1/m_axi_gmem_w_0_ARADDR' to 0.
WARNING: [RTGEN 206-101] Setting dangling out port 'p_anonymous_namespace_load_prefill_group_1_Pipeline_VITIS_LOOP_51_1/m_axi_gmem_w_0_ARID' to 0.
WARNING: [RTGEN 206-101] Setting dangling out port 'p_anonymous_namespace_load_prefill_group_1_Pipeline_VITIS_LOOP_51_1/m_axi_gmem_w_0_ARLEN' to 0.
WARNING: [RTGEN 206-101] Setting dangling out port 'p_anonymous_namespace_load_prefill_group_1_Pipeline_VITIS_LOOP_51_1/m_axi_gmem_w_0_ARSIZE' to 0.
WARNING: [RTGEN 206-101] Setting dangling out port 'p_anonymous_namespace_load_prefill_group_1_Pipeline_VITIS_LOOP_51_1/m_axi_gmem_w_0_ARBURST' to 0.
WARNING: [RTGEN 206-101] Setting dangling out port 'p_anonymous_namespace_load_prefill_group_1_Pipeline_VITIS_LOOP_51_1/m_axi_gmem_w_0_ARLOCK' to 0.
WARNING: [RTGEN 206-101] Setting dangling out port 'p_anonymous_namespace_load_prefill_group_1_Pipeline_VITIS_LOOP_51_1/m_axi_gmem_w_0_ARCACHE' to 0.
WARNING: [RTGEN 206-101] Setting dangling out port 'p_anonymous_namespace_load_prefill_group_1_Pipeline_VITIS_LOOP_51_1/m_axi_gmem_w_0_ARPROT' to 0.
WARNING: [RTGEN 206-101] Setting dangling out port 'p_anonymous_namespace_load_prefill_group_1_Pipeline_VITIS_LOOP_51_1/m_axi_gmem_w_0_ARQOS' to 0.
WARNING: [RTGEN 206-101] Setting dangling out port 'p_anonymous_namespace_load_prefill_group_1_Pipeline_VITIS_LOOP_51_1/m_axi_gmem_w_0_ARREGION' to 0.
WARNING: [RTGEN 206-101] Setting dangling out port 'p_anonymous_namespace_load_prefill_group_1_Pipeline_VITIS_LOOP_51_1/m_axi_gmem_w_0_ARUSER' to 0.
INFO: [RTGEN 206-100] Finished creating RTL model for 'p_anonymous_namespace_load_prefill_group_1_Pipeline_VITIS_LOOP_51_1'.
INFO: [HLS 200-111] Finished Creating RTL model: CPU user time: 0 seconds. CPU system time: 0 seconds. Elapsed time: 0.362 seconds; current allocated memory: 764.824 MB.
INFO: [HLS 200-10] ----------------------------------------------------------------
INFO: [HLS 200-10] -- Generating RTL for module 'p_anonymous_namespace_load_prefill_group_1_Pipeline_VITIS_LOOP_251_1' 
INFO: [HLS 200-10] ----------------------------------------------------------------
INFO: [HLS 200-1030] Apply Unified Pipeline Control on module 'p_anonymous_namespace_load_prefill_group_1_Pipeline_VITIS_LOOP_251_1' pipeline 'VITIS_LOOP_251_1' pipeline type 'loop pipeline'
WARNING: [RTGEN 206-101] Setting dangling out port 'p_anonymous_namespace_load_prefill_group_1_Pipeline_VITIS_LOOP_251_1/m_axi_gmem_sw_0_ARVALID' to 0.
WARNING: [RTGEN 206-101] Setting dangling out port 'p_anonymous_namespace_load_prefill_group_1_Pipeline_VITIS_LOOP_251_1/m_axi_gmem_sw_0_ARADDR' to 0.
WARNING: [RTGEN 206-101] Setting dangling out port 'p_anonymous_namespace_load_prefill_group_1_Pipeline_VITIS_LOOP_251_1/m_axi_gmem_sw_0_ARID' to 0.
WARNING: [RTGEN 206-101] Setting dangling out port 'p_anonymous_namespace_load_prefill_group_1_Pipeline_VITIS_LOOP_251_1/m_axi_gmem_sw_0_ARLEN' to 0.
WARNING: [RTGEN 206-101] Setting dangling out port 'p_anonymous_namespace_load_prefill_group_1_Pipeline_VITIS_LOOP_251_1/m_axi_gmem_sw_0_ARSIZE' to 0.
WARNING: [RTGEN 206-101] Setting dangling out port 'p_anonymous_namespace_load_prefill_group_1_Pipeline_VITIS_LOOP_251_1/m_axi_gmem_sw_0_ARBURST' to 0.
WARNING: [RTGEN 206-101] Setting dangling out port 'p_anonymous_namespace_load_prefill_group_1_Pipeline_VITIS_LOOP_251_1/m_axi_gmem_sw_0_ARLOCK' to 0.
WARNING: [RTGEN 206-101] Setting dangling out port 'p_anonymous_namespace_load_prefill_group_1_Pipeline_VITIS_LOOP_251_1/m_axi_gmem_sw_0_ARCACHE' to 0.
WARNING: [RTGEN 206-101] Setting dangling out port 'p_anonymous_namespace_load_prefill_group_1_Pipeline_VITIS_LOOP_251_1/m_axi_gmem_sw_0_ARPROT' to 0.
WARNING: [RTGEN 206-101] Setting dangling out port 'p_anonymous_namespace_load_prefill_group_1_Pipeline_VITIS_LOOP_251_1/m_axi_gmem_sw_0_ARQOS' to 0.
WARNING: [RTGEN 206-101] Setting dangling out port 'p_anonymous_namespace_load_prefill_group_1_Pipeline_VITIS_LOOP_251_1/m_axi_gmem_sw_0_ARREGION' to 0.
WARNING: [RTGEN 206-101] Setting dangling out port 'p_anonymous_namespace_load_prefill_group_1_Pipeline_VITIS_LOOP_251_1/m_axi_gmem_sw_0_ARUSER' to 0.
INFO: [RTGEN 206-100] Finished creating RTL model for 'p_anonymous_namespace_load_prefill_group_1_Pipeline_VITIS_LOOP_251_1'.
INFO: [HLS 200-111] Finished Creating RTL model: CPU user time: 1 seconds. CPU system time: 0 seconds. Elapsed time: 1.294 seconds; current allocated memory: 765.383 MB.
INFO: [HLS 200-10] ----------------------------------------------------------------
INFO: [HLS 200-10] -- Generating RTL for module 'p_anonymous_namespace_load_prefill_group_1' 
INFO: [HLS 200-10] ----------------------------------------------------------------
INFO: [RTGEN 206-100] Finished creating RTL model for 'p_anonymous_namespace_load_prefill_group_1'.
INFO: [HLS 200-111] Finished Creating RTL model: CPU user time: 0 seconds. CPU system time: 0 seconds. Elapsed time: 0.311 seconds; current allocated memory: 766.602 MB.
INFO: [HLS 200-10] ----------------------------------------------------------------
INFO: [HLS 200-10] -- Generating RTL for module 'w4a8_tile_group_sums_Pipeline_VITIS_LOOP_165_2' 
INFO: [HLS 200-10] ----------------------------------------------------------------
INFO: [HLS 200-1030] Apply Unified Pipeline Control on module 'w4a8_tile_group_sums_Pipeline_VITIS_LOOP_165_2' pipeline 'VITIS_LOOP_165_2' pipeline type 'loop pipeline'
INFO: [RTGEN 206-100] Generating core module 'mac_muladd_8s_4s_19s_19_4_1': 32 instance(s).
INFO: [RTGEN 206-100] Finished creating RTL model for 'w4a8_tile_group_sums_Pipeline_VITIS_LOOP_165_2'.
INFO: [HLS 200-111] Finished Creating RTL model: CPU user time: 0 seconds. CPU system time: 0 seconds. Elapsed time: 0.468 seconds; current allocated memory: 770.645 MB.
INFO: [HLS 200-10] ----------------------------------------------------------------
INFO: [HLS 200-10] -- Generating RTL for module 'w4a8_tile_group_sums' 
INFO: [HLS 200-10] ----------------------------------------------------------------
INFO: [RTGEN 206-100] Finished creating RTL model for 'w4a8_tile_group_sums'.
INFO: [HLS 200-111] Finished Creating RTL model: CPU user time: 1 seconds. CPU system time: 1 seconds. Elapsed time: 1.467 seconds; current allocated memory: 779.977 MB.
INFO: [HLS 200-10] ----------------------------------------------------------------
INFO: [HLS 200-10] -- Generating RTL for module 'p_anonymous_namespace_compute_prefill_group_Pipeline_VITIS_LOOP_287_2' 
INFO: [HLS 200-10] ----------------------------------------------------------------
INFO: [HLS 200-1030] Apply Unified Pipeline Control on module 'p_anonymous_namespace_compute_prefill_group_Pipeline_VITIS_LOOP_287_2' pipeline 'VITIS_LOOP_287_2' pipeline type 'loop pipeline'
INFO: [RTGEN 206-100] Generating core module 'fadd_32ns_32ns_32_6_full_dsp_1': 1 instance(s).
INFO: [RTGEN 206-100] Generating core module 'fmul_32ns_32ns_32_4_max_dsp_1': 2 instance(s).
INFO: [RTGEN 206-100] Generating core module 'sitofp_32ns_32_5_no_dsp_1': 1 instance(s).
INFO: [RTGEN 206-100] Generating core module 'sparsemux_65_5_32_1_1': 1 instance(s).
INFO: [RTGEN 206-100] Finished creating RTL model for 'p_anonymous_namespace_compute_prefill_group_Pipeline_VITIS_LOOP_287_2'.
INFO: [HLS 200-111] Finished Creating RTL model: CPU user time: 0 seconds. CPU system time: 0 seconds. Elapsed time: 0.586 seconds; current allocated memory: 783.699 MB.
INFO: [HLS 200-10] ----------------------------------------------------------------
INFO: [HLS 200-10] -- Generating RTL for module 'p_anonymous_namespace_compute_prefill_group' 
INFO: [HLS 200-10] ----------------------------------------------------------------
INFO: [RTGEN 206-100] Finished creating RTL model for 'p_anonymous_namespace_compute_prefill_group'.
INFO: [HLS 200-111] Finished Creating RTL model: CPU user time: 0 seconds. CPU system time: 1 seconds. Elapsed time: 0.406 seconds; current allocated memory: 787.012 MB.
INFO: [HLS 200-10] ----------------------------------------------------------------
INFO: [HLS 200-10] -- Generating RTL for module 'p_anonymous_namespace_prefill_overlap' 
INFO: [HLS 200-10] ----------------------------------------------------------------
WARNING: [RTGEN 206-101] Setting dangling out port 'p_anonymous_namespace_prefill_overlap/m_axi_gmem_w_0_AWVALID' to 0.
WARNING: [RTGEN 206-101] Setting dangling out port 'p_anonymous_namespace_prefill_overlap/m_axi_gmem_w_0_AWADDR' to 0.
WARNING: [RTGEN 206-101] Setting dangling out port 'p_anonymous_namespace_prefill_overlap/m_axi_gmem_w_0_AWID' to 0.
WARNING: [RTGEN 206-101] Setting dangling out port 'p_anonymous_namespace_prefill_overlap/m_axi_gmem_w_0_AWLEN' to 0.
WARNING: [RTGEN 206-101] Setting dangling out port 'p_anonymous_namespace_prefill_overlap/m_axi_gmem_w_0_AWSIZE' to 0.
WARNING: [RTGEN 206-101] Setting dangling out port 'p_anonymous_namespace_prefill_overlap/m_axi_gmem_w_0_AWBURST' to 0.
WARNING: [RTGEN 206-101] Setting dangling out port 'p_anonymous_namespace_prefill_overlap/m_axi_gmem_w_0_AWLOCK' to 0.
WARNING: [RTGEN 206-101] Setting dangling out port 'p_anonymous_namespace_prefill_overlap/m_axi_gmem_w_0_AWCACHE' to 0.
WARNING: [RTGEN 206-101] Setting dangling out port 'p_anonymous_namespace_prefill_overlap/m_axi_gmem_w_0_AWPROT' to 0.
WARNING: [RTGEN 206-101] Setting dangling out port 'p_anonymous_namespace_prefill_overlap/m_axi_gmem_w_0_AWQOS' to 0.
WARNING: [RTGEN 206-101] Setting dangling out port 'p_anonymous_namespace_prefill_overlap/m_axi_gmem_w_0_AWREGION' to 0.
WARNING: [RTGEN 206-101] Setting dangling out port 'p_anonymous_namespace_prefill_overlap/m_axi_gmem_w_0_AWUSER' to 0.
WARNING: [RTGEN 206-101] Setting dangling out port 'p_anonymous_namespace_prefill_overlap/m_axi_gmem_w_0_WVALID' to 0.
WARNING: [RTGEN 206-101] Setting dangling out port 'p_anonymous_namespace_prefill_overlap/m_axi_gmem_w_0_WDATA' to 0.
WARNING: [RTGEN 206-101] Setting dangling out port 'p_anonymous_namespace_prefill_overlap/m_axi_gmem_w_0_WSTRB' to 0.
WARNING: [RTGEN 206-101] Setting dangling out port 'p_anonymous_namespace_prefill_overlap/m_axi_gmem_w_0_WLAST' to 0.
WARNING: [RTGEN 206-101] Setting dangling out port 'p_anonymous_namespace_prefill_overlap/m_axi_gmem_w_0_WID' to 0.
WARNING: [RTGEN 206-101] Setting dangling out port 'p_anonymous_namespace_prefill_overlap/m_axi_gmem_w_0_WUSER' to 0.
WARNING: [RTGEN 206-101] Setting dangling out port 'p_anonymous_namespace_prefill_overlap/m_axi_gmem_w_0_BREADY' to 0.
WARNING: [RTGEN 206-101] Setting dangling out port 'p_anonymous_namespace_prefill_overlap/m_axi_gmem_sw_0_AWVALID' to 0.
WARNING: [RTGEN 206-101] Setting dangling out port 'p_anonymous_namespace_prefill_overlap/m_axi_gmem_sw_0_AWADDR' to 0.
WARNING: [RTGEN 206-101] Setting dangling out port 'p_anonymous_namespace_prefill_overlap/m_axi_gmem_sw_0_AWID' to 0.
WARNING: [RTGEN 206-101] Setting dangling out port 'p_anonymous_namespace_prefill_overlap/m_axi_gmem_sw_0_AWLEN' to 0.
WARNING: [RTGEN 206-101] Setting dangling out port 'p_anonymous_namespace_prefill_overlap/m_axi_gmem_sw_0_AWSIZE' to 0.
WARNING: [RTGEN 206-101] Setting dangling out port 'p_anonymous_namespace_prefill_overlap/m_axi_gmem_sw_0_AWBURST' to 0.
WARNING: [RTGEN 206-101] Setting dangling out port 'p_anonymous_namespace_prefill_overlap/m_axi_gmem_sw_0_AWLOCK' to 0.
WARNING: [RTGEN 206-101] Setting dangling out port 'p_anonymous_namespace_prefill_overlap/m_axi_gmem_sw_0_AWCACHE' to 0.
WARNING: [RTGEN 206-101] Setting dangling out port 'p_anonymous_namespace_prefill_overlap/m_axi_gmem_sw_0_AWPROT' to 0.
WARNING: [RTGEN 206-101] Setting dangling out port 'p_anonymous_namespace_prefill_overlap/m_axi_gmem_sw_0_AWQOS' to 0.
WARNING: [RTGEN 206-101] Setting dangling out port 'p_anonymous_namespace_prefill_overlap/m_axi_gmem_sw_0_AWREGION' to 0.
WARNING: [RTGEN 206-101] Setting dangling out port 'p_anonymous_namespace_prefill_overlap/m_axi_gmem_sw_0_AWUSER' to 0.
WARNING: [RTGEN 206-101] Setting dangling out port 'p_anonymous_namespace_prefill_overlap/m_axi_gmem_sw_0_WVALID' to 0.
WARNING: [RTGEN 206-101] Setting dangling out port 'p_anonymous_namespace_prefill_overlap/m_axi_gmem_sw_0_WDATA' to 0.
WARNING: [RTGEN 206-101] Setting dangling out port 'p_anonymous_namespace_prefill_overlap/m_axi_gmem_sw_0_WSTRB' to 0.
WARNING: [RTGEN 206-101] Setting dangling out port 'p_anonymous_namespace_prefill_overlap/m_axi_gmem_sw_0_WLAST' to 0.
WARNING: [RTGEN 206-101] Setting dangling out port 'p_anonymous_namespace_prefill_overlap/m_axi_gmem_sw_0_WID' to 0.
WARNING: [RTGEN 206-101] Setting dangling out port 'p_anonymous_namespace_prefill_overlap/m_axi_gmem_sw_0_WUSER' to 0.
WARNING: [RTGEN 206-101] Setting dangling out port 'p_anonymous_namespace_prefill_overlap/m_axi_gmem_sw_0_BREADY' to 0.
INFO: [RTGEN 206-100] Finished creating RTL model for 'p_anonymous_namespace_prefill_overlap'.
INFO: [HLS 200-111] Finished Creating RTL model: CPU user time: 0 seconds. CPU system time: 0 seconds. Elapsed time: 0.777 seconds; current allocated memory: 790.133 MB.
INFO: [HLS 200-10] ----------------------------------------------------------------
INFO: [HLS 200-10] -- Generating RTL for module 'p_anonymous_namespace_compute_prefill_Pipeline_VITIS_LOOP_437_7_VITIS_LOOP_440_8' 
INFO: [HLS 200-10] ----------------------------------------------------------------
INFO: [HLS 200-1030] Apply Unified Pipeline Control on module 'p_anonymous_namespace_compute_prefill_Pipeline_VITIS_LOOP_437_7_VITIS_LOOP_440_8' pipeline 'VITIS_LOOP_437_7_VITIS_LOOP_440_8' pipeline type 'loop pipeline'
INFO: [RTGEN 206-100] Generating core module 'mul_32ns_32ns_62_1_1': 1 instance(s).
INFO: [RTGEN 206-100] Finished creating RTL model for 'p_anonymous_namespace_compute_prefill_Pipeline_VITIS_LOOP_437_7_VITIS_LOOP_440_8'.
INFO: [HLS 200-111] Finished Creating RTL model: CPU user time: 1 seconds. CPU system time: 0 seconds. Elapsed time: 0.366 seconds; current allocated memory: 791.629 MB.
INFO: [HLS 200-10] ----------------------------------------------------------------
INFO: [HLS 200-10] -- Generating RTL for module 'p_anonymous_namespace_compute_prefill' 
INFO: [HLS 200-10] ----------------------------------------------------------------
INFO: [RTGEN 206-100] Finished creating RTL model for 'p_anonymous_namespace_compute_prefill'.
INFO: [RTMG 210-278] Implementing memory 'w4a8_linear_v1_p_anonymous_namespace_compute_prefill_activations_RAM_1P_BRAM_1R1W' using block RAMs.
INFO: [RTMG 210-278] Implementing memory 'w4a8_linear_v1_p_anonymous_namespace_compute_prefill_token_scales_RAM_AUTO_1R1W' using auto RAMs.
INFO: [RTMG 210-278] Implementing memory 'w4a8_linear_v1_p_anonymous_namespace_compute_prefill_totals_RAM_AUTO_1R1W' using auto RAMs.
INFO: [RTMG 210-278] Implementing memory 'w4a8_linear_v1_p_anonymous_namespace_compute_prefill_weights_first_RAM_AUTO_1R1W' using auto RAMs.
INFO: [RTMG 210-278] Implementing memory 'w4a8_linear_v1_p_anonymous_namespace_compute_prefill_scales_first_RAM_AUTO_1R1W' using auto RAMs.
INFO: [HLS 200-111] Finished Creating RTL model: CPU user time: 0 seconds. CPU system time: 0 seconds. Elapsed time: 0.615 seconds; current allocated memory: 796.449 MB.
INFO: [HLS 200-10] ----------------------------------------------------------------
INFO: [HLS 200-10] -- Generating RTL for module 'w4a8_linear_v1_Pipeline_VITIS_LOOP_665_2' 
INFO: [HLS 200-10] ----------------------------------------------------------------
INFO: [HLS 200-1030] Apply Unified Pipeline Control on module 'w4a8_linear_v1_Pipeline_VITIS_LOOP_665_2' pipeline 'VITIS_LOOP_665_2' pipeline type 'loop pipeline'
WARNING: [RTGEN 206-101] Setting dangling out port 'w4a8_linear_v1_Pipeline_VITIS_LOOP_665_2/m_axi_gmem_x_0_ARVALID' to 0.
WARNING: [RTGEN 206-101] Setting dangling out port 'w4a8_linear_v1_Pipeline_VITIS_LOOP_665_2/m_axi_gmem_x_0_ARADDR' to 0.
WARNING: [RTGEN 206-101] Setting dangling out port 'w4a8_linear_v1_Pipeline_VITIS_LOOP_665_2/m_axi_gmem_x_0_ARID' to 0.
WARNING: [RTGEN 206-101] Setting dangling out port 'w4a8_linear_v1_Pipeline_VITIS_LOOP_665_2/m_axi_gmem_x_0_ARLEN' to 0.
WARNING: [RTGEN 206-101] Setting dangling out port 'w4a8_linear_v1_Pipeline_VITIS_LOOP_665_2/m_axi_gmem_x_0_ARSIZE' to 0.
WARNING: [RTGEN 206-101] Setting dangling out port 'w4a8_linear_v1_Pipeline_VITIS_LOOP_665_2/m_axi_gmem_x_0_ARBURST' to 0.
WARNING: [RTGEN 206-101] Setting dangling out port 'w4a8_linear_v1_Pipeline_VITIS_LOOP_665_2/m_axi_gmem_x_0_ARLOCK' to 0.
WARNING: [RTGEN 206-101] Setting dangling out port 'w4a8_linear_v1_Pipeline_VITIS_LOOP_665_2/m_axi_gmem_x_0_ARCACHE' to 0.
WARNING: [RTGEN 206-101] Setting dangling out port 'w4a8_linear_v1_Pipeline_VITIS_LOOP_665_2/m_axi_gmem_x_0_ARPROT' to 0.
WARNING: [RTGEN 206-101] Setting dangling out port 'w4a8_linear_v1_Pipeline_VITIS_LOOP_665_2/m_axi_gmem_x_0_ARQOS' to 0.
WARNING: [RTGEN 206-101] Setting dangling out port 'w4a8_linear_v1_Pipeline_VITIS_LOOP_665_2/m_axi_gmem_x_0_ARREGION' to 0.
WARNING: [RTGEN 206-101] Setting dangling out port 'w4a8_linear_v1_Pipeline_VITIS_LOOP_665_2/m_axi_gmem_x_0_ARUSER' to 0.
INFO: [RTGEN 206-100] Finished creating RTL model for 'w4a8_linear_v1_Pipeline_VITIS_LOOP_665_2'.
INFO: [HLS 200-111] Finished Creating RTL model: CPU user time: 0 seconds. CPU system time: 0 seconds. Elapsed time: 1.025 seconds; current allocated memory: 800.965 MB.
INFO: [HLS 200-10] ----------------------------------------------------------------
INFO: [HLS 200-10] -- Generating RTL for module 'w4a8_linear_v1_Pipeline_VITIS_LOOP_675_4' 
INFO: [HLS 200-10] ----------------------------------------------------------------
INFO: [RTGEN 206-100] Finished creating RTL model for 'w4a8_linear_v1_Pipeline_VITIS_LOOP_675_4'.
INFO: [HLS 200-111] Finished Creating RTL model: CPU user time: 0 seconds. CPU system time: 1 seconds. Elapsed time: 0.307 seconds; current allocated memory: 802.332 MB.
INFO: [HLS 200-10] ----------------------------------------------------------------
INFO: [HLS 200-10] -- Generating RTL for module 'w4a8_linear_v1_Pipeline_VITIS_LOOP_51_1' 
INFO: [HLS 200-10] ----------------------------------------------------------------
INFO: [HLS 200-1030] Apply Unified Pipeline Control on module 'w4a8_linear_v1_Pipeline_VITIS_LOOP_51_1' pipeline 'VITIS_LOOP_51_1' pipeline type 'loop pipeline'
WARNING: [RTGEN 206-101] Setting dangling out port 'w4a8_linear_v1_Pipeline_VITIS_LOOP_51_1/m_axi_gmem_w_0_ARVALID' to 0.
WARNING: [RTGEN 206-101] Setting dangling out port 'w4a8_linear_v1_Pipeline_VITIS_LOOP_51_1/m_axi_gmem_w_0_ARADDR' to 0.
WARNING: [RTGEN 206-101] Setting dangling out port 'w4a8_linear_v1_Pipeline_VITIS_LOOP_51_1/m_axi_gmem_w_0_ARID' to 0.
WARNING: [RTGEN 206-101] Setting dangling out port 'w4a8_linear_v1_Pipeline_VITIS_LOOP_51_1/m_axi_gmem_w_0_ARLEN' to 0.
WARNING: [RTGEN 206-101] Setting dangling out port 'w4a8_linear_v1_Pipeline_VITIS_LOOP_51_1/m_axi_gmem_w_0_ARSIZE' to 0.
WARNING: [RTGEN 206-101] Setting dangling out port 'w4a8_linear_v1_Pipeline_VITIS_LOOP_51_1/m_axi_gmem_w_0_ARBURST' to 0.
WARNING: [RTGEN 206-101] Setting dangling out port 'w4a8_linear_v1_Pipeline_VITIS_LOOP_51_1/m_axi_gmem_w_0_ARLOCK' to 0.
WARNING: [RTGEN 206-101] Setting dangling out port 'w4a8_linear_v1_Pipeline_VITIS_LOOP_51_1/m_axi_gmem_w_0_ARCACHE' to 0.
WARNING: [RTGEN 206-101] Setting dangling out port 'w4a8_linear_v1_Pipeline_VITIS_LOOP_51_1/m_axi_gmem_w_0_ARPROT' to 0.
WARNING: [RTGEN 206-101] Setting dangling out port 'w4a8_linear_v1_Pipeline_VITIS_LOOP_51_1/m_axi_gmem_w_0_ARQOS' to 0.
WARNING: [RTGEN 206-101] Setting dangling out port 'w4a8_linear_v1_Pipeline_VITIS_LOOP_51_1/m_axi_gmem_w_0_ARREGION' to 0.
WARNING: [RTGEN 206-101] Setting dangling out port 'w4a8_linear_v1_Pipeline_VITIS_LOOP_51_1/m_axi_gmem_w_0_ARUSER' to 0.
INFO: [RTGEN 206-100] Finished creating RTL model for 'w4a8_linear_v1_Pipeline_VITIS_LOOP_51_1'.
INFO: [HLS 200-111] Finished Creating RTL model: CPU user time: 1 seconds. CPU system time: 0 seconds. Elapsed time: 0.241 seconds; current allocated memory: 802.844 MB.
INFO: [HLS 200-10] ----------------------------------------------------------------
INFO: [HLS 200-10] -- Generating RTL for module 'w4a8_linear_v1_Pipeline_VITIS_LOOP_706_6' 
INFO: [HLS 200-10] ----------------------------------------------------------------
INFO: [HLS 200-1030] Apply Unified Pipeline Control on module 'w4a8_linear_v1_Pipeline_VITIS_LOOP_706_6' pipeline 'VITIS_LOOP_706_6' pipeline type 'loop pipeline'
INFO: [RTGEN 206-100] Finished creating RTL model for 'w4a8_linear_v1_Pipeline_VITIS_LOOP_706_6'.
INFO: [HLS 200-111] Finished Creating RTL model: CPU user time: 0 seconds. CPU system time: 0 seconds. Elapsed time: 0.382 seconds; current allocated memory: 804.023 MB.
INFO: [HLS 200-10] ----------------------------------------------------------------
INFO: [HLS 200-10] -- Generating RTL for module 'w4a8_tile_group_sums_1' 
INFO: [HLS 200-10] ----------------------------------------------------------------
INFO: [HLS 200-1030] Apply Unified Pipeline Control on module 'w4a8_tile_group_sums_1' pipeline 'VITIS_LOOP_165_2' pipeline type 'loop pipeline'
INFO: [RTGEN 206-100] Generating core module 'mac_muladd_8s_4s_19s_19_4_1': 32 instance(s).
INFO: [RTGEN 206-100] Finished creating RTL model for 'w4a8_tile_group_sums_1'.
INFO: [HLS 200-111] Finished Creating RTL model: CPU user time: 0 seconds. CPU system time: 0 seconds. Elapsed time: 0.634 seconds; current allocated memory: 810.969 MB.
INFO: [HLS 200-10] ----------------------------------------------------------------
INFO: [HLS 200-10] -- Generating RTL for module 'w4a8_linear_v1_Pipeline_VITIS_LOOP_723_7' 
INFO: [HLS 200-10] ----------------------------------------------------------------
INFO: [HLS 200-1030] Apply Unified Pipeline Control on module 'w4a8_linear_v1_Pipeline_VITIS_LOOP_723_7' pipeline 'VITIS_LOOP_723_7' pipeline type 'loop pipeline'
INFO: [RTGEN 206-100] Generating core module 'fadd_32ns_32ns_32_6_full_dsp_1': 1 instance(s).
INFO: [RTGEN 206-100] Generating core module 'fmul_32ns_32ns_32_4_max_dsp_1': 2 instance(s).
INFO: [RTGEN 206-100] Generating core module 'sitofp_32ns_32_5_no_dsp_1': 1 instance(s).
INFO: [RTGEN 206-100] Generating core module 'sparsemux_65_5_32_1_1': 1 instance(s).
INFO: [RTGEN 206-100] Finished creating RTL model for 'w4a8_linear_v1_Pipeline_VITIS_LOOP_723_7'.
INFO: [HLS 200-111] Finished Creating RTL model: CPU user time: 1 seconds. CPU system time: 1 seconds. Elapsed time: 1.693 seconds; current allocated memory: 818.844 MB.
INFO: [HLS 200-10] ----------------------------------------------------------------
INFO: [HLS 200-10] -- Generating RTL for module 'w4a8_linear_v1_Pipeline_VITIS_LOOP_737_8' 
INFO: [HLS 200-10] ----------------------------------------------------------------
INFO: [HLS 200-1030] Apply Unified Pipeline Control on module 'w4a8_linear_v1_Pipeline_VITIS_LOOP_737_8' pipeline 'VITIS_LOOP_737_8' pipeline type 'loop pipeline'
INFO: [RTGEN 206-100] Finished creating RTL model for 'w4a8_linear_v1_Pipeline_VITIS_LOOP_737_8'.
INFO: [HLS 200-111] Finished Creating RTL model: CPU user time: 0 seconds. CPU system time: 0 seconds. Elapsed time: 0.309 seconds; current allocated memory: 821.051 MB.
INFO: [HLS 200-10] ----------------------------------------------------------------
INFO: [HLS 200-10] -- Generating RTL for module 'w4a8_linear_v1_Pipeline_VITIS_LOOP_747_9' 
INFO: [HLS 200-10] ----------------------------------------------------------------
INFO: [HLS 200-1030] Apply Unified Pipeline Control on module 'w4a8_linear_v1_Pipeline_VITIS_LOOP_747_9' pipeline 'VITIS_LOOP_747_9' pipeline type 'loop pipeline'
WARNING: [RTGEN 206-101] Setting dangling out port 'w4a8_linear_v1_Pipeline_VITIS_LOOP_747_9/m_axi_gmem_y_0_AWVALID' to 0.
WARNING: [RTGEN 206-101] Setting dangling out port 'w4a8_linear_v1_Pipeline_VITIS_LOOP_747_9/m_axi_gmem_y_0_AWADDR' to 0.
WARNING: [RTGEN 206-101] Setting dangling out port 'w4a8_linear_v1_Pipeline_VITIS_LOOP_747_9/m_axi_gmem_y_0_AWID' to 0.
WARNING: [RTGEN 206-101] Setting dangling out port 'w4a8_linear_v1_Pipeline_VITIS_LOOP_747_9/m_axi_gmem_y_0_AWLEN' to 0.
WARNING: [RTGEN 206-101] Setting dangling out port 'w4a8_linear_v1_Pipeline_VITIS_LOOP_747_9/m_axi_gmem_y_0_AWSIZE' to 0.
WARNING: [RTGEN 206-101] Setting dangling out port 'w4a8_linear_v1_Pipeline_VITIS_LOOP_747_9/m_axi_gmem_y_0_AWBURST' to 0.
WARNING: [RTGEN 206-101] Setting dangling out port 'w4a8_linear_v1_Pipeline_VITIS_LOOP_747_9/m_axi_gmem_y_0_AWLOCK' to 0.
WARNING: [RTGEN 206-101] Setting dangling out port 'w4a8_linear_v1_Pipeline_VITIS_LOOP_747_9/m_axi_gmem_y_0_AWCACHE' to 0.
WARNING: [RTGEN 206-101] Setting dangling out port 'w4a8_linear_v1_Pipeline_VITIS_LOOP_747_9/m_axi_gmem_y_0_AWPROT' to 0.
WARNING: [RTGEN 206-101] Setting dangling out port 'w4a8_linear_v1_Pipeline_VITIS_LOOP_747_9/m_axi_gmem_y_0_AWQOS' to 0.
WARNING: [RTGEN 206-101] Setting dangling out port 'w4a8_linear_v1_Pipeline_VITIS_LOOP_747_9/m_axi_gmem_y_0_AWREGION' to 0.
WARNING: [RTGEN 206-101] Setting dangling out port 'w4a8_linear_v1_Pipeline_VITIS_LOOP_747_9/m_axi_gmem_y_0_AWUSER' to 0.
WARNING: [RTGEN 206-101] Setting dangling out port 'w4a8_linear_v1_Pipeline_VITIS_LOOP_747_9/m_axi_gmem_y_0_BREADY' to 0.
INFO: [RTGEN 206-100] Finished creating RTL model for 'w4a8_linear_v1_Pipeline_VITIS_LOOP_747_9'.
INFO: [HLS 200-111] Finished Creating RTL model: CPU user time: 0 seconds. CPU system time: 1 seconds. Elapsed time: 0.254 seconds; current allocated memory: 821.496 MB.
INFO: [HLS 200-10] ----------------------------------------------------------------
INFO: [HLS 200-10] -- Generating RTL for module 'w4a8_linear_v1' 
INFO: [HLS 200-10] ----------------------------------------------------------------
WARNING: [RTGEN 206-101] Design contains AXI ports. Reset is fixed to synchronous and active low.
INFO: [RTGEN 206-500] Setting interface mode on port 'w4a8_linear_v1/gmem_w' to 'm_axi'.
INFO: [RTGEN 206-500] Setting interface mode on port 'w4a8_linear_v1/gmem_sw' to 'm_axi'.
INFO: [RTGEN 206-500] Setting interface mode on port 'w4a8_linear_v1/gmem_x' to 'm_axi'.
INFO: [RTGEN 206-500] Setting interface mode on port 'w4a8_linear_v1/gmem_y' to 'm_axi'.
INFO: [RTGEN 206-500] Setting interface mode on port 'w4a8_linear_v1/gmem_meta' to 'm_axi'.
INFO: [RTGEN 206-500] Setting interface mode on port 'w4a8_linear_v1/w_packed' to 's_axilite & ap_none'.
INFO: [RTGEN 206-500] Setting interface mode on port 'w4a8_linear_v1/sw' to 's_axilite & ap_none'.
INFO: [RTGEN 206-500] Setting interface mode on port 'w4a8_linear_v1/xq' to 's_axilite & ap_none'.
INFO: [RTGEN 206-500] Setting interface mode on port 'w4a8_linear_v1/sx' to 's_axilite & ap_none'.
INFO: [RTGEN 206-500] Setting interface mode on port 'w4a8_linear_v1/y' to 's_axilite & ap_none'.
INFO: [RTGEN 206-500] Setting interface mode on port 'w4a8_linear_v1/meta' to 's_axilite & ap_none'.
INFO: [RTGEN 206-500] Setting interface mode on port 'w4a8_linear_v1/t' to 's_axilite & ap_none'.
INFO: [RTGEN 206-500] Setting interface mode on port 'w4a8_linear_v1/n' to 's_axilite & ap_none'.
INFO: [RTGEN 206-500] Setting interface mode on port 'w4a8_linear_v1/k' to 's_axilite & ap_none'.
INFO: [RTGEN 206-500] Setting interface mode on port 'w4a8_linear_v1/w_bytes' to 's_axilite & ap_none'.
INFO: [RTGEN 206-500] Setting interface mode on port 'w4a8_linear_v1/sw_bytes' to 's_axilite & ap_none'.
INFO: [RTGEN 206-500] Setting interface mode on port 'w4a8_linear_v1/x_bytes' to 's_axilite & ap_none'.
INFO: [RTGEN 206-500] Setting interface mode on port 'w4a8_linear_v1/sx_bytes' to 's_axilite & ap_none'.
INFO: [RTGEN 206-500] Setting interface mode on port 'w4a8_linear_v1/y_bytes' to 's_axilite & ap_none'.
INFO: [RTGEN 206-500] Setting interface mode on port 'w4a8_linear_v1/meta_bytes' to 's_axilite & ap_none'.
INFO: [RTGEN 206-500] Setting interface mode on port 'w4a8_linear_v1/job_id' to 's_axilite & ap_none'.
INFO: [RTGEN 206-500] Setting interface mode on port 'w4a8_linear_v1/abi_version' to 's_axilite & ap_none'.
INFO: [RTGEN 206-500] Setting interface mode on function 'w4a8_linear_v1' to 's_axilite & ap_ctrl_hs'.
INFO: [RTGEN 206-100] Bundling port 'w_packed', 'sw', 'xq', 'sx', 'y', 'meta', 't', 'n', 'k', 'w_bytes', 'sw_bytes', 'x_bytes', 'sx_bytes', 'y_bytes', 'meta_bytes', 'job_id', 'abi_version' and 'return' to AXI-Lite port control.
INFO: [RTGEN 206-100] Generating core module 'mul_25ns_27ns_52_1_1': 1 instance(s).
INFO: [RTGEN 206-100] Generating core module 'mul_27ns_25ns_52_1_1': 1 instance(s).
INFO: [RTGEN 206-100] Generating core module 'mul_32ns_25ns_57_1_1': 1 instance(s).
INFO: [RTGEN 206-100] Generating core module 'mul_32ns_32ns_62_1_1': 1 instance(s).
INFO: [RTGEN 206-100] Generating core module 'mul_32ns_32ns_64_1_1': 2 instance(s).
INFO: [RTGEN 206-100] Finished creating RTL model for 'w4a8_linear_v1'.
INFO: [RTMG 210-278] Implementing memory 'w4a8_linear_v1_weight_tile_RAM_AUTO_1R1W' using auto RAMs.
INFO: [RTMG 210-278] Implementing memory 'w4a8_linear_v1_token_activations_RAM_1P_BRAM_1R1W' using block RAMs.
INFO: [RTMG 210-278] Implementing memory 'w4a8_linear_v1_scale_tile_RAM_AUTO_1R1W' using auto RAMs.
INFO: [RTMG 210-278] Implementing memory 'w4a8_linear_v1_totals_RAM_AUTO_1R1W' using auto RAMs.
INFO: [HLS 200-111] Finished Creating RTL model: CPU user time: 0 seconds. CPU system time: 0 seconds. Elapsed time: 2.338 seconds; current allocated memory: 831.535 MB.
INFO: [HLS 200-111] Finished Generating all RTL models: CPU user time: 2 seconds. CPU system time: 2 seconds. Elapsed time: 5.16 seconds; current allocated memory: 843.590 MB.
INFO: [HLS 200-1603] Design has inferred MAXI bursts and missed bursts, see Vitis HLS GUI synthesis summary report for detailed information.
INFO: [HLS 200-2225] Wrote inferred directives to file D:/KV260-project-HLS/b_qwen35/build/b03_double_hls/hls/syn/inferred_directives.ini
INFO: [HLS 200-111] Finished Updating report files: CPU user time: 4 seconds. CPU system time: 3 seconds. Elapsed time: 12.443 seconds; current allocated memory: 865.719 MB.
INFO: [VHDL 208-304] Generating VHDL RTL for w4a8_linear_v1.
INFO: [VLOG 209-307] Generating Verilog RTL for w4a8_linear_v1.
INFO: [HLS 200-790] **** Loop Constraint Status: All loop constraints were satisfied.
INFO: [HLS 200-789] **** Estimated Fmax: 189.75 MHz
INFO: [IMPL 213-8] Exporting RTL as a Vivado IP.
INFO: [Common 17-3922] A valid Vivado Design Suite ENTERPRISE license has been detected. Your current license is active and will expire on 18-sep-2026.



****** Vivado v2026.1 (64-bit)

  **** SW Build 6511674 on Tue Jun 16 11:02:23 MDT 2026

  **** IP Build 6504888 on Tue Jun 09 09:05:25 MDT 2026

  **** SharedData Build 6501428 on Mon Jun 08 17:34:18 MDT 2026

  **** Start of session at: Fri Oct  2 21:46:19 2026

    ** Copyright 1986-2022 Xilinx, Inc. All Rights Reserved.

    ** Copyright 2022-2026 Advanced Micro Devices, Inc. All Rights Reserved.



INFO: [Common 17-1239] XILINX_LOCAL_USER_DATA is set to 'D:/codex-vivado-userdata'.

source run_ippack.tcl -notrace

INFO: calling package_hls_ip ip_types=vitis sysgen json_file=D:/KV260-project-HLS/b_qwen35/build/b03_double_hls/hls/hls_data.json outdir=D:/KV260-project-HLS/b_qwen35/build/b03_double_hls/hls/impl/ip srcdir=D:/KV260-project-HLS/b_qwen35/build/b03_double_hls/hls ippack_options_dict= ippack_options_dict=

INFO: Copied 1 ipmisc file(s) to D:/KV260-project-HLS/b_qwen35/build/b03_double_hls/hls/impl/ip/misc

INFO: Copied 58 verilog file(s) to D:/KV260-project-HLS/b_qwen35/build/b03_double_hls/hls/impl/ip/hdl/verilog

INFO: Copied 55 vhdl file(s) to D:/KV260-project-HLS/b_qwen35/build/b03_double_hls/hls/impl/ip/hdl/vhdl

INFO: Copied 10 swdriver file(s) to D:/KV260-project-HLS/b_qwen35/build/b03_double_hls/hls/impl/ip/drivers

Generating 3 subcores in D:/KV260-project-HLS/b_qwen35/build/b03_double_hls/hls/impl/ip/subcore_prj:

impl/misc/w4a8_linear_v1_fadd_32ns_32ns_32_6_full_dsp_1_ip.tcl

impl/misc/w4a8_linear_v1_fmul_32ns_32ns_32_4_max_dsp_1_ip.tcl

impl/misc/w4a8_linear_v1_sitofp_32ns_32_5_no_dsp_1_ip.tcl

WARNING: [Common 17-1496] Vivado tclapp support version doesn't have install/uninstall hooks. Please update support using ::tclapp::update_support command.

WARNING: [Common 17-1496] Vivado tclapp support version doesn't have install/uninstall hooks. Please update support using ::tclapp::update_support command.

WARNING: [Common 17-1496] Vivado tclapp support version doesn't have install/uninstall hooks. Please update support using ::tclapp::update_support command.

WARNING: [Common 17-1496] Vivado tclapp support version doesn't have install/uninstall hooks. Please update support using ::tclapp::update_support command.

WARNING: [Common 17-1496] Vivado tclapp support version doesn't have install/uninstall hooks. Please update support using ::tclapp::update_support command.

create_project: Time (s): cpu = 00:00:16 ; elapsed = 00:00:19 . Memory (MB): peak = 700.723 ; gain = 273.258

INFO: Using COE_DIR=D:/KV260-project-HLS/b_qwen35/build/b03_double_hls/hls/impl/ip/hdl/verilog

INFO: Generating w4a8_linear_v1_fadd_32ns_32ns_32_6_full_dsp_1_ip via file impl/misc/w4a8_linear_v1_fadd_32ns_32ns_32_6_full_dsp_1_ip.tcl

INFO: [IP_Flow 19-234] Refreshing IP repositories

INFO: [IP_Flow 19-1704] No user IP repositories specified

INFO: [IP_Flow 19-2313] Loaded Vivado IP repository 'D:/2026.1/2026.1/Vivado/data/ip'.

WARNING: [IP_Flow 19-4832] The IP name 'w4a8_linear_v1_fadd_32ns_32ns_32_6_full_dsp_1_ip' you have specified is long. The Windows operating system has path length limitations. It is recommended you use shorter names to reduce the likelihood of issues.

INFO: [IP_Flow 19-1686] Generating 'Synthesis' target for IP 'w4a8_linear_v1_fadd_32ns_32ns_32_6_full_dsp_1_ip'...

INFO: [IP_Flow 19-1686] Generating 'Simulation' target for IP 'w4a8_linear_v1_fadd_32ns_32ns_32_6_full_dsp_1_ip'...

INFO: Done generating w4a8_linear_v1_fadd_32ns_32ns_32_6_full_dsp_1_ip via file impl/misc/w4a8_linear_v1_fadd_32ns_32ns_32_6_full_dsp_1_ip.tcl

INFO: Generating w4a8_linear_v1_fmul_32ns_32ns_32_4_max_dsp_1_ip via file impl/misc/w4a8_linear_v1_fmul_32ns_32ns_32_4_max_dsp_1_ip.tcl

WARNING: [IP_Flow 19-4832] The IP name 'w4a8_linear_v1_fmul_32ns_32ns_32_4_max_dsp_1_ip' you have specified is long. The Windows operating system has path length limitations. It is recommended you use shorter names to reduce the likelihood of issues.

INFO: [IP_Flow 19-1686] Generating 'Synthesis' target for IP 'w4a8_linear_v1_fmul_32ns_32ns_32_4_max_dsp_1_ip'...

INFO: [IP_Flow 19-1686] Generating 'Simulation' target for IP 'w4a8_linear_v1_fmul_32ns_32ns_32_4_max_dsp_1_ip'...

INFO: Done generating w4a8_linear_v1_fmul_32ns_32ns_32_4_max_dsp_1_ip via file impl/misc/w4a8_linear_v1_fmul_32ns_32ns_32_4_max_dsp_1_ip.tcl

INFO: Generating w4a8_linear_v1_sitofp_32ns_32_5_no_dsp_1_ip via file impl/misc/w4a8_linear_v1_sitofp_32ns_32_5_no_dsp_1_ip.tcl

WARNING: [IP_Flow 19-4832] The IP name 'w4a8_linear_v1_sitofp_32ns_32_5_no_dsp_1_ip' you have specified is long. The Windows operating system has path length limitations. It is recommended you use shorter names to reduce the likelihood of issues.

INFO: [IP_Flow 19-1686] Generating 'Synthesis' target for IP 'w4a8_linear_v1_sitofp_32ns_32_5_no_dsp_1_ip'...

INFO: [IP_Flow 19-1686] Generating 'Simulation' target for IP 'w4a8_linear_v1_sitofp_32ns_32_5_no_dsp_1_ip'...

INFO: Done generating w4a8_linear_v1_sitofp_32ns_32_5_no_dsp_1_ip via file impl/misc/w4a8_linear_v1_sitofp_32ns_32_5_no_dsp_1_ip.tcl

INFO: Found 1 unique subcore IP: xilinx.com:ip:floating_point:7.1

INFO: Copied 3 subcore files: D:/KV260-project-HLS/b_qwen35/build/b03_double_hls/hls/impl/ip/hdl/ip/w4a8_linear_v1_fadd_32ns_32ns_32_6_full_dsp_1_ip/w4a8_linear_v1_fadd_32ns_32ns_32_6_full_dsp_1_ip.xci D:/KV260-project-HLS/b_qwen35/build/b03_double_hls/hls/impl/ip/hdl/ip/w4a8_linear_v1_fmul_32ns_32ns_32_4_max_dsp_1_ip/w4a8_linear_v1_fmul_32ns_32ns_32_4_max_dsp_1_ip.xci D:/KV260-project-HLS/b_qwen35/build/b03_double_hls/hls/impl/ip/hdl/ip/w4a8_linear_v1_sitofp_32ns_32_5_no_dsp_1_ip/w4a8_linear_v1_sitofp_32ns_32_5_no_dsp_1_ip.xci

INFO: Import ports from HDL: D:/KV260-project-HLS/b_qwen35/build/b03_double_hls/hls/impl/ip/hdl/vhdl/w4a8_linear_v1.vhd (w4a8_linear_v1)

INFO: Add axi4lite interface s_axi_control

INFO: Add clock interface ap_clk

INFO: Add reset interface ap_rst_n

INFO: Add interrupt interface interrupt

INFO: [IP_Flow 19-234] Refreshing IP repositories

INFO: [IP_Flow 19-1704] No user IP repositories specified

INFO: [IP_Flow 19-2313] Loaded Vivado IP repository 'D:/2026.1/2026.1/Vivado/data/ip'.

INFO: Add axi4full interface m_axi_gmem_w

INFO: Add axi4full interface m_axi_gmem_sw

INFO: Add axi4full interface m_axi_gmem_x

INFO: Add axi4full interface m_axi_gmem_y

INFO: Add axi4full interface m_axi_gmem_meta

INFO: Calling post_process_vitis to specialize IP

INFO: Calling post_process_sysgen to specialize IP

Generating sysgen info xml from json file

INFO: Created IP D:/KV260-project-HLS/b_qwen35/build/b03_double_hls/hls/impl/ip/component.xml

Generating XO file: w4a8_linear_v1.xo in directory D:/KV260-project-HLS/b_qwen35/build/b03_double_hls/hls/..

Running: package_xo -xo_path D:/KV260-project-HLS/b_qwen35/build/b03_double_hls/hls/../w4a8_linear_v1.xo -kernel_xml D:/KV260-project-HLS/b_qwen35/build/b03_double_hls/hls/kernel.xml -kernel_name w4a8_linear_v1 -ip_directory D:/KV260-project-HLS/b_qwen35/build/b03_double_hls/hls/impl/ip -kernel_files D:/KV260-project-HLS/b_qwen35/build/b03_double_hls/hls/../../../src/w4a8_prefill_v1.cpp -hls_directory D:/KV260-project-HLS/b_qwen35/build/b03_double_hls/hls/impl/misc/hls_files -kernel_json D:/KV260-project-HLS/b_qwen35/build/b03_double_hls/hls/hls_data.json

INFO: Created IP archive D:/KV260-project-HLS/b_qwen35/build/b03_double_hls/hls/impl/ip/xilinx_com_hls_w4a8_linear_v1_1_0.zip

INFO: [Common 17-206] Exiting Vivado at Fri Oct  2 21:47:14 2026...

INFO: [HLS 200-802] Generated output file b03_double_hls/w4a8_linear_v1.xo
INFO: [HLS 200-112] Total CPU user time: 32 seconds. Total CPU system time: 27 seconds. Total elapsed time: 164.061 seconds; peak allocated memory: 873.141 MB.
INFO: [v++ 60-791] Total elapsed time: 0h 2m 52s
