
****** vitis-run v2026.1 (64-bit)
  **** SW Build 6511674 on 2026-06-16-13:14:00
  **** Start of session at: Sat Oct  3 04:18:43 2026
    ** Copyright 1986-2022 Xilinx, Inc. All Rights Reserved.
    ** Copyright 2022-2026 Advanced Micro Devices, Inc. All Rights Reserved.

  **** HLS Build v2026.1 6493734

INFO: [HLS 200-2005] Using work_dir D:/KV260-project-HLS/b_qwen35/build/b03_double_hls 

INFO: [HLS 200-2006] Changing directory to D:/KV260-project-HLS/b_qwen35/build

INFO: [HLS 200-2176] Writing Vitis IDE component file D:/KV260-project-HLS/b_qwen35/build/b03_double_hls/vitis-comp.json

INFO: [HLS 200-10] Creating and opening component 'D:/KV260-project-HLS/b_qwen35/build/b03_double_hls'.

INFO: [HLS 200-1611] Setting target device to 'xck26-sfvc784-2LV-c'

INFO: [HLS 200-2174] Applying component config ini file ../hls_prefill_double_stall_basic.cfg

INFO: [HLS 200-1465] Applying config ini 'syn.file=src/w4a8_prefill_v1.cpp' from ../hls_prefill_double_stall_basic.cfg(5)

INFO: [HLS 200-10] Adding design file 'D:/KV260-project-HLS/b_qwen35/src/w4a8_prefill_v1.cpp' to the project

INFO: [HLS 200-1465] Applying config ini 'syn.cflags=-DB02_CACHE_X -DB02_AXI_X128 -DB03_TEST -DB03_REUSE -DB03_DOUBLE_BUFFER -ffp-contract=off' from ../hls_prefill_double_stall_basic.cfg(7)

INFO: [HLS 200-1465] Applying config ini 'tb.file=tb/tb_prefill_bounds.cpp' from ../hls_prefill_double_stall_basic.cfg(8)

INFO: [HLS 200-10] Adding test bench file 'D:/KV260-project-HLS/b_qwen35/tb/tb_prefill_bounds.cpp' to the project

INFO: [HLS 200-1465] Applying config ini 'tb.cflags=-DB02_CACHE_X -DB02_AXI_X128 -DB03_TEST -DB03_REUSE -DB03_DOUBLE_BUFFER -ffp-contract=off' from ../hls_prefill_double_stall_basic.cfg(9)

INFO: [HLS 200-1465] Applying config ini 'syn.top=w4a8_linear_v1' from ../hls_prefill_double_stall_basic.cfg(6)

INFO: [HLS 200-1465] Applying config ini 'flow_target=vitis' from ../hls_prefill_double_stall_basic.cfg(4)

INFO: [HLS 200-1505] Using flow_target 'vitis'

Resolution: For help on HLS 200-1505 see docs.amd.com/access/sources/dita/topic?Doc_Version=2026.1%20English&url=ug1448-hls-guidance&resourceid=200-1505.html

WARNING: [HLS 200-2149] The 'flow_target' option is deprecated and will be removed in a future release. For 'vitis' value see below messsages for equivalent options.

INFO: [HLS 200-435] Setting 'flow_target=vitis' configuration: config_interface -default_axi=1

INFO: [HLS 200-435] Setting 'flow_target=vitis' configuration: config_interface -m_axi_latency=64

INFO: [HLS 200-435] Setting 'flow_target=vitis' configuration: config_interface -m_axi_alignment_byte_size=64

INFO: [HLS 200-435] Setting 'flow_target=vitis' configuration: config_interface -m_axi_max_widen_bitwidth=512

INFO: [HLS 200-435] Setting 'flow_target=vitis' configuration: config_rtl -register_reset_num=3

INFO: [HLS 200-1465] Applying config ini 'part=xck26-sfvc784-2LV-c' from ../hls_prefill_double_stall_basic.cfg(1)

INFO: [HLS 200-1465] Applying config ini 'clock=6.667' from ../hls_prefill_double_stall_basic.cfg(10)

INFO: [SYN 201-201] Setting up clock 'default' with a period of 6.667ns.

INFO: [HLS 200-1465] Applying config ini 'cosim.argv=--suite stress_basic' from ../hls_prefill_double_stall_basic.cfg(14)

INFO: [HLS 200-1465] Applying config ini 'cosim.random_stall=1' from ../hls_prefill_double_stall_basic.cfg(19)

INFO: [HLS 200-1465] Applying config ini 'cosim.rtl=verilog' from ../hls_prefill_double_stall_basic.cfg(15)

INFO: [HLS 200-1465] Applying config ini 'cosim.tool=xsim' from ../hls_prefill_double_stall_basic.cfg(16)

INFO: [HLS 200-1465] Applying config ini 'cosim.trace_level=port' from ../hls_prefill_double_stall_basic.cfg(17)

INFO: [HLS 200-1465] Applying config ini 'csim.argv=--suite stress_basic' from ../hls_prefill_double_stall_basic.cfg(13)

INFO: [HLS 200-1465] Applying config ini 'package.output.format=xo' from ../hls_prefill_double_stall_basic.cfg(18)

INFO: [HLS 200-1465] Applying config ini 'syn.compile.pipeline_loops=0' from ../hls_prefill_double_stall_basic.cfg(12)

INFO: [HLS 200-1465] Applying config ini 'syn.compile.unsafe_math_optimizations=0' from ../hls_prefill_double_stall_basic.cfg(11)

INFO: [HLS 200-2176] Writing Vitis IDE component file D:/KV260-project-HLS/b_qwen35/build/b03_double_hls/vitis-comp.json

INFO: [COSIM 212-47] Using XSIM for RTL simulation.

INFO: [COSIM 212-14] Instrumenting C test bench ...

   Build using "D:/2026.1/2026.1/Vitis/win64/tools/clang-16/bin/clang++"
   Compiling apatb_w4a8_linear_v1.cpp
   Compiling tb_prefill_bounds.cpp_pre.cpp
   Compiling w4a8_prefill_v1.cpp_pre.cpp
   Compiling apatb_w4a8_linear_v1_ir.ll
   Generating cosim.tv.exe
INFO: [COSIM 212-302] Starting C TB testing ... 

TRANSACTION index=0 case=hand_sample T=1 N=2 K=2 job=1000

TRANSACTION index=1 case=hand_sample T=1 N=2 K=2 job=7777

METRICS case=hand_sample max_abs=0 nrmse=0 atol=1e-06 rtol=0

PASS case=hand_sample T=1 N=2 K=2 source=synthetic seed=1

TRANSACTION index=2 case=tile_random T=1 N=32 K=128 job=1002

METRICS case=tile_random max_abs=0 nrmse=0 atol=1e-06 rtol=0

PASS case=tile_random T=1 N=32 K=128 source=synthetic seed=539365377

TRANSACTION index=3 case=nk_tail T=1 N=33 K=129 job=1003

METRICS case=nk_tail max_abs=0 nrmse=0 atol=1e-06 rtol=0

PASS case=nk_tail T=1 N=33 K=129 source=synthetic seed=539365378

TRANSACTION index=4 case=three_groups T=1 N=65 K=257 job=1004

METRICS case=three_groups max_abs=0 nrmse=0 atol=1e-06 rtol=0

PASS case=three_groups T=1 N=65 K=257 source=synthetic seed=539365379

TRANSACTION index=5 case=single T=1 N=1 K=1 job=1005

METRICS case=single max_abs=0 nrmse=0 atol=1e-06 rtol=0

PASS case=single T=1 N=1 K=1 source=synthetic seed=539365380

TRANSACTION index=6 case=zeros T=1 N=33 K=129 job=1006

METRICS case=zeros max_abs=0 nrmse=0 atol=1e-06 rtol=0

PASS case=zeros T=1 N=33 K=129 source=synthetic seed=539365381

TRANSACTION index=7 case=extremes T=1 N=32 K=128 job=1007

METRICS case=extremes max_abs=0 nrmse=0 atol=1e-06 rtol=0

PASS case=extremes T=1 N=32 K=128 source=synthetic seed=539365382

TRANSACTION index=8 case=t4_compat T=4 N=33 K=129 job=1008

METRICS case=t4_compat max_abs=0 nrmse=0 atol=1e-06 rtol=0

PASS case=t4_compat T=4 N=33 K=129 source=synthetic seed=539365383

TRANSACTION index=9 case=t8_compat T=8 N=1 K=1 job=1009

METRICS case=t8_compat max_abs=0 nrmse=0 atol=1e-06 rtol=0

PASS case=t8_compat T=8 N=1 K=1 source=synthetic seed=539365384

TRANSACTION index=10 case=nonbinary_scale T=1 N=32 K=128 job=1010

METRICS case=nonbinary_scale max_abs=0 nrmse=0 atol=1e-06 rtol=0

PASS case=nonbinary_scale T=1 N=32 K=128 source=synthetic seed=539365385

TRANSACTION index=11 case=padding_reserved T=1 N=1 K=1 job=1011

METRICS case=padding_reserved max_abs=0 nrmse=0 atol=1e-06 rtol=0

PASS case=padding_reserved T=1 N=1 K=1 source=synthetic seed=17

B03 PASS suite=stress_basic source=synthetic transactions=12 int32_partial_checks=699 fp32_output_checks=928

INFO: [COSIM 212-333] Generating C post check test bench ...

INFO: [COSIM 212-12] Generating RTL test bench ...

INFO: [Common 17-3922] A valid Vivado Design Suite ENTERPRISE license has been detected. Your current license is active and will expire on 18-sep-2026.





****** Vivado v2026.1 (64-bit)


  **** SW Build 6511674 on Tue Jun 16 11:02:23 MDT 2026


  **** IP Build 6504888 on Tue Jun 09 09:05:25 MDT 2026


  **** SharedData Build 6501428 on Mon Jun 08 17:34:18 MDT 2026


  **** Start of session at: Sat Oct  3 04:19:26 2026


    ** Copyright 1986-2022 Xilinx, Inc. All Rights Reserved.


    ** Copyright 2022-2026 Advanced Micro Devices, Inc. All Rights Reserved.





INFO: [Common 17-1239] XILINX_LOCAL_USER_DATA is set to 'D:/codex-vivado-userdata'.


source run_vivado_gen_ip.tcl -notrace


create_project: Time (s): cpu = 00:00:09 ; elapsed = 00:00:12 . Memory (MB): peak = 697.820 ; gain = 268.711


INFO: [IP_Flow 19-234] Refreshing IP repositories


INFO: [IP_Flow 19-1704] No user IP repositories specified


INFO: [IP_Flow 19-2313] Loaded Vivado IP repository 'D:/2026.1/2026.1/Vivado/data/ip'.


WARNING: [IP_Flow 19-4832] The IP name 'w4a8_linear_v1_fadd_32ns_32ns_32_6_full_dsp_1_ip' you have specified is long. The Windows operating system has path length limitations. It is recommended you use shorter names to reduce the likelihood of issues.


INFO: [IP_Flow 19-1686] Generating 'Synthesis' target for IP 'w4a8_linear_v1_fadd_32ns_32ns_32_6_full_dsp_1_ip'...


INFO: [IP_Flow 19-1686] Generating 'Simulation' target for IP 'w4a8_linear_v1_fadd_32ns_32ns_32_6_full_dsp_1_ip'...


WARNING: [IP_Flow 19-4832] The IP name 'w4a8_linear_v1_fmul_32ns_32ns_32_4_max_dsp_1_ip' you have specified is long. The Windows operating system has path length limitations. It is recommended you use shorter names to reduce the likelihood of issues.


INFO: [IP_Flow 19-1686] Generating 'Synthesis' target for IP 'w4a8_linear_v1_fmul_32ns_32ns_32_4_max_dsp_1_ip'...


INFO: [IP_Flow 19-1686] Generating 'Simulation' target for IP 'w4a8_linear_v1_fmul_32ns_32ns_32_4_max_dsp_1_ip'...


WARNING: [IP_Flow 19-4832] The IP name 'w4a8_linear_v1_sitofp_32ns_32_5_no_dsp_1_ip' you have specified is long. The Windows operating system has path length limitations. It is recommended you use shorter names to reduce the likelihood of issues.


INFO: [IP_Flow 19-1686] Generating 'Synthesis' target for IP 'w4a8_linear_v1_sitofp_32ns_32_5_no_dsp_1_ip'...


INFO: [IP_Flow 19-1686] Generating 'Simulation' target for IP 'w4a8_linear_v1_sitofp_32ns_32_5_no_dsp_1_ip'...


INFO: [Common 17-206] Exiting Vivado at Sat Oct  3 04:19:48 2026...


INFO: [COSIM 212-1] *** C/RTL co-simulation file generation completed. ***

INFO: [COSIM 212-323] Starting verilog simulation. 

INFO: [COSIM 212-15] Starting XSIM ...



D:\KV260-project-HLS\b_qwen35\build\b03_double_hls\hls\sim\verilog>set PATH= 



D:\KV260-project-HLS\b_qwen35\build\b03_double_hls\hls\sim\verilog>call D:/2026.1/2026.1/Vivado/bin/xelab xil_defaultlib.apatb_w4a8_linear_v1_top xil_defaultlib.glbl -Oenable_linking_all_libraries -prj w4a8_linear_v1.prj -L smartconnect_v1_0 -L axi_protocol_checker_v1_1_12 -L axi_protocol_checker_v1_1_13 -L axis_protocol_checker_v1_1_11 -L axis_protocol_checker_v1_1_12 -L xil_defaultlib -L unisims_ver -L xpm  -L floating_point_v7_1_22 -L floating_point_v7_0_27 --lib "ieee_proposed=./ieee_proposed" -L uvm -relax -i ./svr -i ./axivip -i ./svtb -i ./file_agent -i ./w4a8_linear_v1_subsystem  -s w4a8_linear_v1 -debug all 

Vivado Simulator v2026.1

Copyright 1986-2022 Xilinx, Inc. All Rights Reserved.

Copyright 2022-2026 Advanced Micro Devices, Inc. All Rights Reserved.

Running: D:/2026.1/2026.1/Vivado/bin/unwrapped/win64.o/xelab.exe xil_defaultlib.apatb_w4a8_linear_v1_top xil_defaultlib.glbl -Oenable_linking_all_libraries -prj w4a8_linear_v1.prj -L smartconnect_v1_0 -L axi_protocol_checker_v1_1_12 -L axi_protocol_checker_v1_1_13 -L axis_protocol_checker_v1_1_11 -L axis_protocol_checker_v1_1_12 -L xil_defaultlib -L unisims_ver -L xpm -L floating_point_v7_1_22 -L floating_point_v7_0_27 --lib ieee_proposed=./ieee_proposed -L uvm -relax -i ./svr -i ./axivip -i ./svtb -i ./file_agent -i ./w4a8_linear_v1_subsystem -s w4a8_linear_v1 -debug all 

Multi-threading is on. Using 16 slave threads.

Determining compilation order of HDL files.

WARNING: [XSIM 43-3431] One or more environment variables have been detected which affect the operation of the C compiler. These are typically not set in standard installations and are not tested by AMD, however they may be appropriate for your system, so the flow will attempt to continue.  If errors occur, try running xelab with the "-mt off -v 1" switches to see more information from the C compiler. The following environment variables have been detected:

    CPATH

INFO: [VRFC 10-2263] Analyzing SystemVerilog file "D:/KV260-project-HLS/b_qwen35/build/b03_double_hls/hls/sim/verilog/glbl.v" into library xil_defaultlib

INFO: [VRFC 10-311] analyzing module glbl

INFO: [VRFC 10-2263] Analyzing SystemVerilog file "D:/KV260-project-HLS/b_qwen35/build/b03_double_hls/hls/sim/verilog/AESL_deadlock_detection_unit.v" into library xil_defaultlib

INFO: [VRFC 10-311] analyzing module AESL_deadlock_detect_unit

INFO: [VRFC 10-2263] Analyzing SystemVerilog file "D:/KV260-project-HLS/b_qwen35/build/b03_double_hls/hls/sim/verilog/AESL_deadlock_detector.v" into library xil_defaultlib

INFO: [VRFC 10-311] analyzing module AESL_deadlock_detector

INFO: [VRFC 10-2263] Analyzing SystemVerilog file "D:/KV260-project-HLS/b_qwen35/build/b03_double_hls/hls/sim/verilog/AESL_deadlock_report_unit.v" into library xil_defaultlib

INFO: [VRFC 10-311] analyzing module AESL_deadlock_report_unit

INFO: [VRFC 10-2263] Analyzing SystemVerilog file "D:/KV260-project-HLS/b_qwen35/build/b03_double_hls/hls/sim/verilog/w4a8_linear_v1.autotb.v" into library xil_defaultlib

INFO: [VRFC 10-311] analyzing module apatb_w4a8_linear_v1_top

INFO: [VRFC 10-2263] Analyzing SystemVerilog file "D:/KV260-project-HLS/b_qwen35/build/b03_double_hls/hls/sim/verilog/w4a8_linear_v1.v" into library xil_defaultlib

INFO: [VRFC 10-311] analyzing module w4a8_linear_v1

INFO: [VRFC 10-2263] Analyzing SystemVerilog file "D:/KV260-project-HLS/b_qwen35/build/b03_double_hls/hls/sim/verilog/w4a8_linear_v1_control_s_axi.v" into library xil_defaultlib

INFO: [VRFC 10-311] analyzing module w4a8_linear_v1_control_s_axi

INFO: [VRFC 10-2263] Analyzing SystemVerilog file "D:/KV260-project-HLS/b_qwen35/build/b03_double_hls/hls/sim/verilog/w4a8_linear_v1_fadd_32ns_32ns_32_6_full_dsp_1.v" into library xil_defaultlib

INFO: [VRFC 10-311] analyzing module w4a8_linear_v1_fadd_32ns_32ns_32_6_full_dsp_1

INFO: [VRFC 10-2263] Analyzing SystemVerilog file "D:/KV260-project-HLS/b_qwen35/build/b03_double_hls/hls/sim/verilog/w4a8_linear_v1_flow_control_loop_pipe_sequential_init.v" into library xil_defaultlib

INFO: [VRFC 10-311] analyzing module w4a8_linear_v1_flow_control_loop_pipe_sequential_init

INFO: [VRFC 10-2263] Analyzing SystemVerilog file "D:/KV260-project-HLS/b_qwen35/build/b03_double_hls/hls/sim/verilog/w4a8_linear_v1_fmul_32ns_32ns_32_4_max_dsp_1.v" into library xil_defaultlib

INFO: [VRFC 10-311] analyzing module w4a8_linear_v1_fmul_32ns_32ns_32_4_max_dsp_1

INFO: [VRFC 10-2263] Analyzing SystemVerilog file "D:/KV260-project-HLS/b_qwen35/build/b03_double_hls/hls/sim/verilog/w4a8_linear_v1_gmem_meta_m_axi.v" into library xil_defaultlib

INFO: [VRFC 10-311] analyzing module w4a8_linear_v1_gmem_meta_m_axi

INFO: [VRFC 10-311] analyzing module w4a8_linear_v1_gmem_meta_m_axi_load

INFO: [VRFC 10-311] analyzing module w4a8_linear_v1_gmem_meta_m_axi_store

INFO: [VRFC 10-311] analyzing module w4a8_linear_v1_gmem_meta_m_axi_read

INFO: [VRFC 10-311] analyzing module w4a8_linear_v1_gmem_meta_m_axi_write

INFO: [VRFC 10-311] analyzing module w4a8_linear_v1_gmem_meta_m_axi_burst_converter

INFO: [VRFC 10-311] analyzing module w4a8_linear_v1_gmem_meta_m_axi_burst_interleave

INFO: [VRFC 10-311] analyzing module w4a8_linear_v1_gmem_meta_m_axi_burst_sequential

INFO: [VRFC 10-311] analyzing module w4a8_linear_v1_gmem_meta_m_axi_throttle

INFO: [VRFC 10-311] analyzing module w4a8_linear_v1_gmem_meta_m_axi_reg_slice

INFO: [VRFC 10-311] analyzing module w4a8_linear_v1_gmem_meta_m_axi_fifo

INFO: [VRFC 10-311] analyzing module w4a8_linear_v1_gmem_meta_m_axi_srl

INFO: [VRFC 10-311] analyzing module w4a8_linear_v1_gmem_meta_m_axi_mem

INFO: [VRFC 10-2263] Analyzing SystemVerilog file "D:/KV260-project-HLS/b_qwen35/build/b03_double_hls/hls/sim/verilog/w4a8_linear_v1_gmem_sw_m_axi.v" into library xil_defaultlib

INFO: [VRFC 10-311] analyzing module w4a8_linear_v1_gmem_sw_m_axi

INFO: [VRFC 10-311] analyzing module w4a8_linear_v1_gmem_sw_m_axi_load

INFO: [VRFC 10-311] analyzing module w4a8_linear_v1_gmem_sw_m_axi_read

INFO: [VRFC 10-311] analyzing module w4a8_linear_v1_gmem_sw_m_axi_burst_converter

INFO: [VRFC 10-311] analyzing module w4a8_linear_v1_gmem_sw_m_axi_burst_interleave

INFO: [VRFC 10-311] analyzing module w4a8_linear_v1_gmem_sw_m_axi_burst_sequential

INFO: [VRFC 10-311] analyzing module w4a8_linear_v1_gmem_sw_m_axi_reg_slice

INFO: [VRFC 10-311] analyzing module w4a8_linear_v1_gmem_sw_m_axi_fifo

INFO: [VRFC 10-311] analyzing module w4a8_linear_v1_gmem_sw_m_axi_srl

INFO: [VRFC 10-311] analyzing module w4a8_linear_v1_gmem_sw_m_axi_mem

INFO: [VRFC 10-2263] Analyzing SystemVerilog file "D:/KV260-project-HLS/b_qwen35/build/b03_double_hls/hls/sim/verilog/w4a8_linear_v1_gmem_w_m_axi.v" into library xil_defaultlib

INFO: [VRFC 10-311] analyzing module w4a8_linear_v1_gmem_w_m_axi

INFO: [VRFC 10-311] analyzing module w4a8_linear_v1_gmem_w_m_axi_load

INFO: [VRFC 10-311] analyzing module w4a8_linear_v1_gmem_w_m_axi_read

INFO: [VRFC 10-311] analyzing module w4a8_linear_v1_gmem_w_m_axi_burst_converter

INFO: [VRFC 10-311] analyzing module w4a8_linear_v1_gmem_w_m_axi_burst_interleave

INFO: [VRFC 10-311] analyzing module w4a8_linear_v1_gmem_w_m_axi_burst_sequential

INFO: [VRFC 10-311] analyzing module w4a8_linear_v1_gmem_w_m_axi_reg_slice

INFO: [VRFC 10-311] analyzing module w4a8_linear_v1_gmem_w_m_axi_fifo

INFO: [VRFC 10-311] analyzing module w4a8_linear_v1_gmem_w_m_axi_srl

INFO: [VRFC 10-311] analyzing module w4a8_linear_v1_gmem_w_m_axi_mem

INFO: [VRFC 10-2263] Analyzing SystemVerilog file "D:/KV260-project-HLS/b_qwen35/build/b03_double_hls/hls/sim/verilog/w4a8_linear_v1_gmem_x_m_axi.v" into library xil_defaultlib

INFO: [VRFC 10-311] analyzing module w4a8_linear_v1_gmem_x_m_axi

INFO: [VRFC 10-311] analyzing module w4a8_linear_v1_gmem_x_m_axi_load

INFO: [VRFC 10-311] analyzing module w4a8_linear_v1_gmem_x_m_axi_read

INFO: [VRFC 10-311] analyzing module w4a8_linear_v1_gmem_x_m_axi_burst_converter

INFO: [VRFC 10-311] analyzing module w4a8_linear_v1_gmem_x_m_axi_burst_interleave

INFO: [VRFC 10-311] analyzing module w4a8_linear_v1_gmem_x_m_axi_burst_sequential

INFO: [VRFC 10-311] analyzing module w4a8_linear_v1_gmem_x_m_axi_reg_slice

INFO: [VRFC 10-311] analyzing module w4a8_linear_v1_gmem_x_m_axi_fifo

INFO: [VRFC 10-311] analyzing module w4a8_linear_v1_gmem_x_m_axi_srl

INFO: [VRFC 10-311] analyzing module w4a8_linear_v1_gmem_x_m_axi_mem

INFO: [VRFC 10-2263] Analyzing SystemVerilog file "D:/KV260-project-HLS/b_qwen35/build/b03_double_hls/hls/sim/verilog/w4a8_linear_v1_gmem_y_m_axi.v" into library xil_defaultlib

INFO: [VRFC 10-311] analyzing module w4a8_linear_v1_gmem_y_m_axi

INFO: [VRFC 10-311] analyzing module w4a8_linear_v1_gmem_y_m_axi_store

INFO: [VRFC 10-311] analyzing module w4a8_linear_v1_gmem_y_m_axi_write

INFO: [VRFC 10-311] analyzing module w4a8_linear_v1_gmem_y_m_axi_burst_converter

INFO: [VRFC 10-311] analyzing module w4a8_linear_v1_gmem_y_m_axi_burst_interleave

INFO: [VRFC 10-311] analyzing module w4a8_linear_v1_gmem_y_m_axi_burst_sequential

INFO: [VRFC 10-311] analyzing module w4a8_linear_v1_gmem_y_m_axi_throttle

INFO: [VRFC 10-311] analyzing module w4a8_linear_v1_gmem_y_m_axi_reg_slice

INFO: [VRFC 10-311] analyzing module w4a8_linear_v1_gmem_y_m_axi_fifo

INFO: [VRFC 10-311] analyzing module w4a8_linear_v1_gmem_y_m_axi_srl

INFO: [VRFC 10-311] analyzing module w4a8_linear_v1_gmem_y_m_axi_mem

INFO: [VRFC 10-2263] Analyzing SystemVerilog file "D:/KV260-project-HLS/b_qwen35/build/b03_double_hls/hls/sim/verilog/w4a8_linear_v1_mac_muladd_8s_4s_19s_19_4_1.v" into library xil_defaultlib

INFO: [VRFC 10-311] analyzing module w4a8_linear_v1_mac_muladd_8s_4s_19s_19_4_1_DSP48_0

INFO: [VRFC 10-311] analyzing module w4a8_linear_v1_mac_muladd_8s_4s_19s_19_4_1

INFO: [VRFC 10-2263] Analyzing SystemVerilog file "D:/KV260-project-HLS/b_qwen35/build/b03_double_hls/hls/sim/verilog/w4a8_linear_v1_mul_25ns_27ns_52_1_1.v" into library xil_defaultlib

INFO: [VRFC 10-311] analyzing module w4a8_linear_v1_mul_25ns_27ns_52_1_1

INFO: [VRFC 10-2263] Analyzing SystemVerilog file "D:/KV260-project-HLS/b_qwen35/build/b03_double_hls/hls/sim/verilog/w4a8_linear_v1_mul_27ns_25ns_52_1_1.v" into library xil_defaultlib

INFO: [VRFC 10-311] analyzing module w4a8_linear_v1_mul_27ns_25ns_52_1_1

INFO: [VRFC 10-2263] Analyzing SystemVerilog file "D:/KV260-project-HLS/b_qwen35/build/b03_double_hls/hls/sim/verilog/w4a8_linear_v1_mul_32ns_25ns_57_1_1.v" into library xil_defaultlib

INFO: [VRFC 10-311] analyzing module w4a8_linear_v1_mul_32ns_25ns_57_1_1

INFO: [VRFC 10-2263] Analyzing SystemVerilog file "D:/KV260-project-HLS/b_qwen35/build/b03_double_hls/hls/sim/verilog/w4a8_linear_v1_mul_32ns_32ns_62_1_1.v" into library xil_defaultlib

INFO: [VRFC 10-311] analyzing module w4a8_linear_v1_mul_32ns_32ns_62_1_1

INFO: [VRFC 10-2263] Analyzing SystemVerilog file "D:/KV260-project-HLS/b_qwen35/build/b03_double_hls/hls/sim/verilog/w4a8_linear_v1_mul_32ns_32ns_64_1_1.v" into library xil_defaultlib

INFO: [VRFC 10-311] analyzing module w4a8_linear_v1_mul_32ns_32ns_64_1_1

INFO: [VRFC 10-2263] Analyzing SystemVerilog file "D:/KV260-project-HLS/b_qwen35/build/b03_double_hls/hls/sim/verilog/w4a8_linear_v1_p_anonymous_namespace_compute_prefill.v" into library xil_defaultlib

INFO: [VRFC 10-311] analyzing module w4a8_linear_v1_p_anonymous_namespace_compute_prefill

INFO: [VRFC 10-2263] Analyzing SystemVerilog file "D:/KV260-project-HLS/b_qwen35/build/b03_double_hls/hls/sim/verilog/w4a8_linear_v1_p_anonymous_namespace_compute_prefill_activations_RAM_1P_BRAM_1R1W.v" into library xil_defaultlib

INFO: [VRFC 10-311] analyzing module w4a8_linear_v1_p_anonymous_namespace_compute_prefill_activations_RAM_1P_BRAM_1R1W

INFO: [VRFC 10-2263] Analyzing SystemVerilog file "D:/KV260-project-HLS/b_qwen35/build/b03_double_hls/hls/sim/verilog/w4a8_linear_v1_p_anonymous_namespace_compute_prefill_group.v" into library xil_defaultlib

INFO: [VRFC 10-311] analyzing module w4a8_linear_v1_p_anonymous_namespace_compute_prefill_group

INFO: [VRFC 10-2263] Analyzing SystemVerilog file "D:/KV260-project-HLS/b_qwen35/build/b03_double_hls/hls/sim/verilog/w4a8_linear_v1_p_anonymous_namespace_compute_prefill_group_Pipeline_VITIS_LOOP_287_2.v" into library xil_defaultlib

INFO: [VRFC 10-311] analyzing module w4a8_linear_v1_p_anonymous_namespace_compute_prefill_group_Pipeline_VITIS_LOOP_287_2

INFO: [VRFC 10-2263] Analyzing SystemVerilog file "D:/KV260-project-HLS/b_qwen35/build/b03_double_hls/hls/sim/verilog/w4a8_linear_v1_p_anonymous_namespace_compute_prefill_Pipeline_VITIS_LOOP_373_2.v" into library xil_defaultlib

INFO: [VRFC 10-311] analyzing module w4a8_linear_v1_p_anonymous_namespace_compute_prefill_Pipeline_VITIS_LOOP_373_2

INFO: [VRFC 10-2263] Analyzing SystemVerilog file "D:/KV260-project-HLS/b_qwen35/build/b03_double_hls/hls/sim/verilog/w4a8_linear_v1_p_anonymous_namespace_compute_prefill_Pipeline_VITIS_LOOP_387_4_VITIS_LOOP_390_5.v" into library xil_defaultlib

INFO: [VRFC 10-311] analyzing module w4a8_linear_v1_p_anonymous_namespace_compute_prefill_Pipeline_VITIS_LOOP_387_4_VITIS_LOOP_390_5

INFO: [VRFC 10-2263] Analyzing SystemVerilog file "D:/KV260-project-HLS/b_qwen35/build/b03_double_hls/hls/sim/verilog/w4a8_linear_v1_p_anonymous_namespace_compute_prefill_Pipeline_VITIS_LOOP_437_7_VITIS_LOOP_440_8.v" into library xil_defaultlib

INFO: [VRFC 10-311] analyzing module w4a8_linear_v1_p_anonymous_namespace_compute_prefill_Pipeline_VITIS_LOOP_437_7_VITIS_LOOP_440_8

INFO: [VRFC 10-2263] Analyzing SystemVerilog file "D:/KV260-project-HLS/b_qwen35/build/b03_double_hls/hls/sim/verilog/w4a8_linear_v1_p_anonymous_namespace_compute_prefill_scales_first_RAM_AUTO_1R1W.v" into library xil_defaultlib

INFO: [VRFC 10-311] analyzing module w4a8_linear_v1_p_anonymous_namespace_compute_prefill_scales_first_RAM_AUTO_1R1W

INFO: [VRFC 10-2263] Analyzing SystemVerilog file "D:/KV260-project-HLS/b_qwen35/build/b03_double_hls/hls/sim/verilog/w4a8_linear_v1_p_anonymous_namespace_compute_prefill_token_scales_RAM_AUTO_1R1W.v" into library xil_defaultlib

INFO: [VRFC 10-311] analyzing module w4a8_linear_v1_p_anonymous_namespace_compute_prefill_token_scales_RAM_AUTO_1R1W

INFO: [VRFC 10-2263] Analyzing SystemVerilog file "D:/KV260-project-HLS/b_qwen35/build/b03_double_hls/hls/sim/verilog/w4a8_linear_v1_p_anonymous_namespace_compute_prefill_totals_RAM_AUTO_1R1W.v" into library xil_defaultlib

INFO: [VRFC 10-311] analyzing module w4a8_linear_v1_p_anonymous_namespace_compute_prefill_totals_RAM_AUTO_1R1W

INFO: [VRFC 10-2263] Analyzing SystemVerilog file "D:/KV260-project-HLS/b_qwen35/build/b03_double_hls/hls/sim/verilog/w4a8_linear_v1_p_anonymous_namespace_compute_prefill_weights_first_RAM_AUTO_1R1W.v" into library xil_defaultlib

INFO: [VRFC 10-311] analyzing module w4a8_linear_v1_p_anonymous_namespace_compute_prefill_weights_first_RAM_AUTO_1R1W

INFO: [VRFC 10-2263] Analyzing SystemVerilog file "D:/KV260-project-HLS/b_qwen35/build/b03_double_hls/hls/sim/verilog/w4a8_linear_v1_p_anonymous_namespace_contains_invalid_w4.v" into library xil_defaultlib

INFO: [VRFC 10-311] analyzing module w4a8_linear_v1_p_anonymous_namespace_contains_invalid_w4

INFO: [VRFC 10-2263] Analyzing SystemVerilog file "D:/KV260-project-HLS/b_qwen35/build/b03_double_hls/hls/sim/verilog/w4a8_linear_v1_p_anonymous_namespace_contains_invalid_w4_Pipeline_VITIS_LOOP_105_3.v" into library xil_defaultlib

INFO: [VRFC 10-311] analyzing module w4a8_linear_v1_p_anonymous_namespace_contains_invalid_w4_Pipeline_VITIS_LOOP_105_3

INFO: [VRFC 10-2263] Analyzing SystemVerilog file "D:/KV260-project-HLS/b_qwen35/build/b03_double_hls/hls/sim/verilog/w4a8_linear_v1_p_anonymous_namespace_contains_invalid_w4_Pipeline_VITIS_LOOP_51_1.v" into library xil_defaultlib

INFO: [VRFC 10-311] analyzing module w4a8_linear_v1_p_anonymous_namespace_contains_invalid_w4_Pipeline_VITIS_LOOP_51_1

INFO: [VRFC 10-2263] Analyzing SystemVerilog file "D:/KV260-project-HLS/b_qwen35/build/b03_double_hls/hls/sim/verilog/w4a8_linear_v1_p_anonymous_namespace_contains_invalid_w4_weight_tile_RAM_AUTO_1R1W.v" into library xil_defaultlib

INFO: [VRFC 10-311] analyzing module w4a8_linear_v1_p_anonymous_namespace_contains_invalid_w4_weight_tile_RAM_AUTO_1R1W

INFO: [VRFC 10-2263] Analyzing SystemVerilog file "D:/KV260-project-HLS/b_qwen35/build/b03_double_hls/hls/sim/verilog/w4a8_linear_v1_p_anonymous_namespace_load_prefill_group.v" into library xil_defaultlib

INFO: [VRFC 10-311] analyzing module w4a8_linear_v1_p_anonymous_namespace_load_prefill_group

INFO: [VRFC 10-2263] Analyzing SystemVerilog file "D:/KV260-project-HLS/b_qwen35/build/b03_double_hls/hls/sim/verilog/w4a8_linear_v1_p_anonymous_namespace_load_prefill_group_1.v" into library xil_defaultlib

INFO: [VRFC 10-311] analyzing module w4a8_linear_v1_p_anonymous_namespace_load_prefill_group_1

INFO: [VRFC 10-2263] Analyzing SystemVerilog file "D:/KV260-project-HLS/b_qwen35/build/b03_double_hls/hls/sim/verilog/w4a8_linear_v1_p_anonymous_namespace_load_prefill_group_1_Pipeline_VITIS_LOOP_251_1.v" into library xil_defaultlib

INFO: [VRFC 10-311] analyzing module w4a8_linear_v1_p_anonymous_namespace_load_prefill_group_1_Pipeline_VITIS_LOOP_251_1

INFO: [VRFC 10-2263] Analyzing SystemVerilog file "D:/KV260-project-HLS/b_qwen35/build/b03_double_hls/hls/sim/verilog/w4a8_linear_v1_p_anonymous_namespace_load_prefill_group_1_Pipeline_VITIS_LOOP_51_1.v" into library xil_defaultlib

INFO: [VRFC 10-311] analyzing module w4a8_linear_v1_p_anonymous_namespace_load_prefill_group_1_Pipeline_VITIS_LOOP_51_1

INFO: [VRFC 10-2263] Analyzing SystemVerilog file "D:/KV260-project-HLS/b_qwen35/build/b03_double_hls/hls/sim/verilog/w4a8_linear_v1_p_anonymous_namespace_load_prefill_group_Pipeline_VITIS_LOOP_251_1.v" into library xil_defaultlib

INFO: [VRFC 10-311] analyzing module w4a8_linear_v1_p_anonymous_namespace_load_prefill_group_Pipeline_VITIS_LOOP_251_1

INFO: [VRFC 10-2263] Analyzing SystemVerilog file "D:/KV260-project-HLS/b_qwen35/build/b03_double_hls/hls/sim/verilog/w4a8_linear_v1_p_anonymous_namespace_load_prefill_group_Pipeline_VITIS_LOOP_51_1.v" into library xil_defaultlib

INFO: [VRFC 10-311] analyzing module w4a8_linear_v1_p_anonymous_namespace_load_prefill_group_Pipeline_VITIS_LOOP_51_1

INFO: [VRFC 10-2263] Analyzing SystemVerilog file "D:/KV260-project-HLS/b_qwen35/build/b03_double_hls/hls/sim/verilog/w4a8_linear_v1_p_anonymous_namespace_prefill_overlap.v" into library xil_defaultlib

INFO: [VRFC 10-311] analyzing module w4a8_linear_v1_p_anonymous_namespace_prefill_overlap

INFO: [VRFC 10-2263] Analyzing SystemVerilog file "D:/KV260-project-HLS/b_qwen35/build/b03_double_hls/hls/sim/verilog/w4a8_linear_v1_p_anonymous_namespace_write_meta.v" into library xil_defaultlib

INFO: [VRFC 10-311] analyzing module w4a8_linear_v1_p_anonymous_namespace_write_meta

INFO: [VRFC 10-2263] Analyzing SystemVerilog file "D:/KV260-project-HLS/b_qwen35/build/b03_double_hls/hls/sim/verilog/w4a8_linear_v1_scale_tile_RAM_AUTO_1R1W.v" into library xil_defaultlib

INFO: [VRFC 10-311] analyzing module w4a8_linear_v1_scale_tile_RAM_AUTO_1R1W

INFO: [VRFC 10-2263] Analyzing SystemVerilog file "D:/KV260-project-HLS/b_qwen35/build/b03_double_hls/hls/sim/verilog/w4a8_linear_v1_sitofp_32ns_32_5_no_dsp_1.v" into library xil_defaultlib

INFO: [VRFC 10-311] analyzing module w4a8_linear_v1_sitofp_32ns_32_5_no_dsp_1

INFO: [VRFC 10-2263] Analyzing SystemVerilog file "D:/KV260-project-HLS/b_qwen35/build/b03_double_hls/hls/sim/verilog/w4a8_linear_v1_sparsemux_65_5_32_1_1.v" into library xil_defaultlib

INFO: [VRFC 10-311] analyzing module w4a8_linear_v1_sparsemux_65_5_32_1_1

INFO: [VRFC 10-2263] Analyzing SystemVerilog file "D:/KV260-project-HLS/b_qwen35/build/b03_double_hls/hls/sim/verilog/w4a8_linear_v1_token_activations_RAM_1P_BRAM_1R1W.v" into library xil_defaultlib

INFO: [VRFC 10-311] analyzing module w4a8_linear_v1_token_activations_RAM_1P_BRAM_1R1W

INFO: [VRFC 10-2263] Analyzing SystemVerilog file "D:/KV260-project-HLS/b_qwen35/build/b03_double_hls/hls/sim/verilog/w4a8_linear_v1_totals_RAM_AUTO_1R1W.v" into library xil_defaultlib

INFO: [VRFC 10-311] analyzing module w4a8_linear_v1_totals_RAM_AUTO_1R1W

INFO: [VRFC 10-2263] Analyzing SystemVerilog file "D:/KV260-project-HLS/b_qwen35/build/b03_double_hls/hls/sim/verilog/w4a8_linear_v1_w4a8_linear_v1_Pipeline_VITIS_LOOP_51_1.v" into library xil_defaultlib

INFO: [VRFC 10-311] analyzing module w4a8_linear_v1_w4a8_linear_v1_Pipeline_VITIS_LOOP_51_1

INFO: [VRFC 10-2263] Analyzing SystemVerilog file "D:/KV260-project-HLS/b_qwen35/build/b03_double_hls/hls/sim/verilog/w4a8_linear_v1_w4a8_linear_v1_Pipeline_VITIS_LOOP_665_2.v" into library xil_defaultlib

INFO: [VRFC 10-311] analyzing module w4a8_linear_v1_w4a8_linear_v1_Pipeline_VITIS_LOOP_665_2

INFO: [VRFC 10-2263] Analyzing SystemVerilog file "D:/KV260-project-HLS/b_qwen35/build/b03_double_hls/hls/sim/verilog/w4a8_linear_v1_w4a8_linear_v1_Pipeline_VITIS_LOOP_675_4.v" into library xil_defaultlib

INFO: [VRFC 10-311] analyzing module w4a8_linear_v1_w4a8_linear_v1_Pipeline_VITIS_LOOP_675_4

INFO: [VRFC 10-2263] Analyzing SystemVerilog file "D:/KV260-project-HLS/b_qwen35/build/b03_double_hls/hls/sim/verilog/w4a8_linear_v1_w4a8_linear_v1_Pipeline_VITIS_LOOP_706_6.v" into library xil_defaultlib

INFO: [VRFC 10-311] analyzing module w4a8_linear_v1_w4a8_linear_v1_Pipeline_VITIS_LOOP_706_6

INFO: [VRFC 10-2263] Analyzing SystemVerilog file "D:/KV260-project-HLS/b_qwen35/build/b03_double_hls/hls/sim/verilog/w4a8_linear_v1_w4a8_linear_v1_Pipeline_VITIS_LOOP_723_7.v" into library xil_defaultlib

INFO: [VRFC 10-311] analyzing module w4a8_linear_v1_w4a8_linear_v1_Pipeline_VITIS_LOOP_723_7

INFO: [VRFC 10-2263] Analyzing SystemVerilog file "D:/KV260-project-HLS/b_qwen35/build/b03_double_hls/hls/sim/verilog/w4a8_linear_v1_w4a8_linear_v1_Pipeline_VITIS_LOOP_737_8.v" into library xil_defaultlib

INFO: [VRFC 10-311] analyzing module w4a8_linear_v1_w4a8_linear_v1_Pipeline_VITIS_LOOP_737_8

INFO: [VRFC 10-2263] Analyzing SystemVerilog file "D:/KV260-project-HLS/b_qwen35/build/b03_double_hls/hls/sim/verilog/w4a8_linear_v1_w4a8_linear_v1_Pipeline_VITIS_LOOP_747_9.v" into library xil_defaultlib

INFO: [VRFC 10-311] analyzing module w4a8_linear_v1_w4a8_linear_v1_Pipeline_VITIS_LOOP_747_9

INFO: [VRFC 10-2263] Analyzing SystemVerilog file "D:/KV260-project-HLS/b_qwen35/build/b03_double_hls/hls/sim/verilog/w4a8_linear_v1_w4a8_tile_group_sums.v" into library xil_defaultlib

INFO: [VRFC 10-311] analyzing module w4a8_linear_v1_w4a8_tile_group_sums

INFO: [VRFC 10-2263] Analyzing SystemVerilog file "D:/KV260-project-HLS/b_qwen35/build/b03_double_hls/hls/sim/verilog/w4a8_linear_v1_w4a8_tile_group_sums_1.v" into library xil_defaultlib

INFO: [VRFC 10-311] analyzing module w4a8_linear_v1_w4a8_tile_group_sums_1

INFO: [VRFC 10-2263] Analyzing SystemVerilog file "D:/KV260-project-HLS/b_qwen35/build/b03_double_hls/hls/sim/verilog/w4a8_linear_v1_w4a8_tile_group_sums_Pipeline_VITIS_LOOP_165_2.v" into library xil_defaultlib

INFO: [VRFC 10-311] analyzing module w4a8_linear_v1_w4a8_tile_group_sums_Pipeline_VITIS_LOOP_165_2

INFO: [VRFC 10-2263] Analyzing SystemVerilog file "D:/KV260-project-HLS/b_qwen35/build/b03_double_hls/hls/sim/verilog/w4a8_linear_v1_weight_tile_RAM_AUTO_1R1W.v" into library xil_defaultlib

INFO: [VRFC 10-311] analyzing module w4a8_linear_v1_weight_tile_RAM_AUTO_1R1W

INFO: [VRFC 10-2263] Analyzing SystemVerilog file "D:/KV260-project-HLS/b_qwen35/build/b03_double_hls/hls/sim/verilog/dataflow_monitor.sv" into library xil_defaultlib

INFO: [VRFC 10-311] analyzing module dataflow_monitor

INFO: [VRFC 10-2263] Analyzing SystemVerilog file "D:/KV260-project-HLS/b_qwen35/build/b03_double_hls/hls/sim/verilog/file_agent/file_agent_pkg.sv" into library xil_defaultlib

INFO: [VRFC 10-2263] Analyzing SystemVerilog file "D:/KV260-project-HLS/b_qwen35/build/b03_double_hls/hls/sim/verilog/axivip/axi_pkg.sv" into library xil_defaultlib

INFO: [VRFC 10-2263] Analyzing SystemVerilog file "D:/KV260-project-HLS/b_qwen35/build/b03_double_hls/hls/sim/verilog/axivip/axi_if.sv" into library xil_defaultlib

INFO: [VRFC 10-2263] Analyzing SystemVerilog file "D:/KV260-project-HLS/b_qwen35/build/b03_double_hls/hls/sim/verilog/w4a8_linear_v1_subsystem/w4a8_linear_v1_subsystem_pkg.sv" into library xil_defaultlib

INFO: [VRFC 10-2263] Analyzing SystemVerilog file "D:/KV260-project-HLS/b_qwen35/build/b03_double_hls/hls/sim/verilog/svtb/misc_interface.sv" into library xil_defaultlib

INFO: [VRFC 10-2263] Analyzing SystemVerilog file "D:/KV260-project-HLS/b_qwen35/build/b03_double_hls/hls/sim/verilog/svtb/sv_module_top.sv" into library xil_defaultlib

INFO: [VRFC 10-311] analyzing module sv_module_top

INFO: [VRFC 10-163] Analyzing VHDL file "D:/KV260-project-HLS/b_qwen35/build/b03_double_hls/hls/sim/verilog/ip/xil_defaultlib/w4a8_linear_v1_fadd_32ns_32ns_32_6_full_dsp_1_ip.vhd" into library xil_defaultlib

INFO: [VRFC 10-3107] analyzing entity 'w4a8_linear_v1_fadd_32ns_32ns_32_6_full_dsp_1_ip'

INFO: [VRFC 10-163] Analyzing VHDL file "D:/KV260-project-HLS/b_qwen35/build/b03_double_hls/hls/sim/verilog/ip/xil_defaultlib/w4a8_linear_v1_fmul_32ns_32ns_32_4_max_dsp_1_ip.vhd" into library xil_defaultlib

INFO: [VRFC 10-3107] analyzing entity 'w4a8_linear_v1_fmul_32ns_32ns_32_4_max_dsp_1_ip'

INFO: [VRFC 10-163] Analyzing VHDL file "D:/KV260-project-HLS/b_qwen35/build/b03_double_hls/hls/sim/verilog/ip/xil_defaultlib/w4a8_linear_v1_sitofp_32ns_32_5_no_dsp_1_ip.vhd" into library xil_defaultlib

INFO: [VRFC 10-3107] analyzing entity 'w4a8_linear_v1_sitofp_32ns_32_5_no_dsp_1_ip'

Starting static elaboration

Pass Through NonSizing Optimizer

Completed static elaboration

Starting simulation data flow analysis

Completed simulation data flow analysis

Time Resolution for simulation is 1ps

Compiling package std.standard

Compiling package std.textio

Compiling package ieee.std_logic_1164

Compiling package ieee.numeric_std

Compiling package floating_point_v7_1_22.floating_point_v7_1_22_viv_comp

Compiling package xbip_utils_v3_0_16.xbip_utils_v3_0_16_pkg

Compiling package axi_utils_v2_0_12.axi_utils_v2_0_12_pkg

Compiling package floating_point_v7_1_22.floating_point_v7_1_22_consts

Compiling package ieee.math_real

Compiling package floating_point_v7_1_22.floating_point_v7_1_22_exp_table...

Compiling package mult_gen_v12_0_25.mult_gen_v12_0_25_pkg

Compiling package floating_point_v7_1_22.floating_point_v7_1_22_pkg

Compiling package floating_point_v7_1_22.flt_utils

Compiling package xbip_pipe_v3_0_12.xbip_pipe_v3_0_12_viv_comp

Compiling package unisim.vcomponents

Compiling package ieee.vital_timing

Compiling package ieee.vital_primitives

Compiling package unisim.vpkg

Compiling package floating_point_v7_1_22.vt2mutils

Compiling package floating_point_v7_1_22.vt2mcomps

Compiling package xil_defaultlib.$unit_sv_module_top_sv

Compiling package uvm.uvm_pkg

Compiling package std.std

Compiling package xil_defaultlib.axi_pkg

Compiling package xil_defaultlib.w4a8_linear_v1_subsystem_pkg

Compiling package xil_defaultlib.file_agent_pkg

Compiling package xil_defaultlib.$unit_dataflow_monitor_sv

Compiling module xil_defaultlib.w4a8_linear_v1_weight_tile_RAM_A...

Compiling module xil_defaultlib.w4a8_linear_v1_token_activations...

Compiling module xil_defaultlib.w4a8_linear_v1_scale_tile_RAM_AU...

Compiling module xil_defaultlib.w4a8_linear_v1_totals_RAM_AUTO_1...

Compiling module xil_defaultlib.w4a8_linear_v1_p_anonymous_names...

Compiling module xil_defaultlib.w4a8_linear_v1_p_anonymous_names...

Compiling module xil_defaultlib.w4a8_linear_v1_flow_control_loop...

Compiling module xil_defaultlib.w4a8_linear_v1_p_anonymous_names...

Compiling module xil_defaultlib.w4a8_linear_v1_p_anonymous_names...

Compiling module xil_defaultlib.w4a8_linear_v1_mul_27ns_25ns_52_...

Compiling module xil_defaultlib.w4a8_linear_v1_p_anonymous_names...

Compiling module xil_defaultlib.w4a8_linear_v1_p_anonymous_names...

Compiling module xil_defaultlib.w4a8_linear_v1_p_anonymous_names...

Compiling module xil_defaultlib.w4a8_linear_v1_p_anonymous_names...

Compiling module xil_defaultlib.w4a8_linear_v1_p_anonymous_names...

Compiling module xil_defaultlib.w4a8_linear_v1_p_anonymous_names...

Compiling module xil_defaultlib.w4a8_linear_v1_p_anonymous_names...

Compiling module xil_defaultlib.w4a8_linear_v1_p_anonymous_names...

Compiling module xil_defaultlib.w4a8_linear_v1_p_anonymous_names...

Compiling module xil_defaultlib.w4a8_linear_v1_p_anonymous_names...

Compiling module xil_defaultlib.w4a8_linear_v1_p_anonymous_names...

Compiling module xil_defaultlib.w4a8_linear_v1_p_anonymous_names...

Compiling module xil_defaultlib.w4a8_linear_v1_p_anonymous_names...

Compiling module xil_defaultlib.w4a8_linear_v1_p_anonymous_names...

Compiling module xil_defaultlib.w4a8_linear_v1_mac_muladd_8s_4s_...

Compiling module xil_defaultlib.w4a8_linear_v1_mac_muladd_8s_4s_...

Compiling module xil_defaultlib.w4a8_linear_v1_w4a8_tile_group_s...

Compiling module xil_defaultlib.w4a8_linear_v1_w4a8_tile_group_s...

Compiling architecture muxcy_v of entity unisim.MUXCY [muxcy_default]

Compiling architecture synth of entity xbip_pipe_v3_0_12.xbip_pipe_v3_0_12_viv [\xbip_pipe_v3_0_12_viv(c_has_ce=...]

Compiling architecture rtl of entity floating_point_v7_1_22.delay [\delay(width=7,length=0)\]

Compiling architecture struct of entity floating_point_v7_1_22.carry_chain [\carry_chain(c_xdevicefamily="zy...]

Compiling architecture synth of entity floating_point_v7_1_22.compare_eq_im [\compare_eq_im(c_xdevicefamily="...]

Compiling architecture xorcy_v of entity unisim.XORCY [xorcy_default]

Compiling architecture struct of entity floating_point_v7_1_22.carry_chain [\carry_chain(c_xdevicefamily="zy...]

Compiling architecture synth of entity xbip_pipe_v3_0_12.xbip_pipe_v3_0_12_viv [\xbip_pipe_v3_0_12_viv(c_has_ce=...]

Compiling architecture rtl of entity floating_point_v7_1_22.delay [\delay(length=0)\]

Compiling architecture synth of entity xbip_pipe_v3_0_12.xbip_pipe_v3_0_12_viv [\xbip_pipe_v3_0_12_viv(c_has_ce=...]

Compiling architecture rtl of entity floating_point_v7_1_22.delay [\delay(width=24,length=0,fast_in...]

Compiling architecture synth of entity xbip_pipe_v3_0_12.xbip_pipe_v3_0_12_viv [\xbip_pipe_v3_0_12_viv(c_has_ce=...]

Compiling architecture rtl of entity floating_point_v7_1_22.delay [\delay(width=16,length=0)\]

Compiling architecture dsp48e1_v of entity unisim.DSP48E1 [\DSP48E1(acascreg=0,adreg=0,alum...]

Compiling architecture synth of entity xbip_pipe_v3_0_12.xbip_pipe_v3_0_12_viv [\xbip_pipe_v3_0_12_viv(c_has_ce=...]

Compiling architecture rtl of entity floating_point_v7_1_22.delay [\delay(width=4,length=0)\]

Compiling architecture synth of entity xbip_pipe_v3_0_12.xbip_pipe_v3_0_12_viv [\xbip_pipe_v3_0_12_viv(c_has_ce=...]

Compiling architecture rtl of entity floating_point_v7_1_22.delay [\delay(width=48,length=0)\]

Compiling architecture synth of entity xbip_pipe_v3_0_12.xbip_pipe_v3_0_12_viv [\xbip_pipe_v3_0_12_viv(c_has_ce=...]

Compiling architecture rtl of entity floating_point_v7_1_22.delay [\delay(width=24,length=0)\]

Compiling architecture rtl of entity floating_point_v7_1_22.dsp48e1_wrapper [\dsp48e1_wrapper(c_part="xck26-s...]

Compiling architecture synth of entity xbip_pipe_v3_0_12.xbip_pipe_v3_0_12_viv [\xbip_pipe_v3_0_12_viv(c_latency...]

Compiling architecture rtl of entity floating_point_v7_1_22.delay [delay_default]

Compiling architecture synth of entity xbip_pipe_v3_0_12.xbip_pipe_v3_0_12_viv [\xbip_pipe_v3_0_12_viv(c_has_ce=...]

Compiling architecture rtl of entity floating_point_v7_1_22.delay [\delay(width=13,length=0)\]

Compiling architecture synth of entity xbip_pipe_v3_0_12.xbip_pipe_v3_0_12_viv [\xbip_pipe_v3_0_12_viv(c_has_ce=...]

Compiling architecture rtl of entity floating_point_v7_1_22.delay [\delay(width=27,length=0)\]

Compiling architecture synth of entity floating_point_v7_1_22.align_add_dsp48e1_sgl [\align_add_dsp48e1_sgl(c_xdevice...]

Compiling architecture lut5_v of entity unisim.LUT5 [\LUT5(init="00000000000000001111...]

Compiling architecture lut5_v of entity unisim.LUT5 [\LUT5(init="00000000000000000000...]

Compiling architecture synth of entity xbip_pipe_v3_0_12.xbip_pipe_v3_0_12_viv [\xbip_pipe_v3_0_12_viv(c_has_ce=...]

Compiling architecture rtl of entity floating_point_v7_1_22.delay [\delay(width=5,length=0)\]

Compiling architecture rtl of entity floating_point_v7_1_22.lead_zero_encode_shift [\lead_zero_encode_shift(ab_fw=24...]

Compiling architecture synth of entity xbip_pipe_v3_0_12.xbip_pipe_v3_0_12_viv [\xbip_pipe_v3_0_12_viv(c_has_ce=...]

Compiling architecture rtl of entity floating_point_v7_1_22.delay [\delay(width=3,length=0)\]

Compiling architecture lut6_v of entity unisim.LUT6 [\LUT6(init="11111110010101001011...]

Compiling architecture lut5_v of entity unisim.LUT5 [\LUT5(init="00010001010111110000...]

Compiling architecture lut5_v of entity unisim.LUT5 [\LUT5(init="11101110101000001111...]

Compiling architecture synth of entity xbip_pipe_v3_0_12.xbip_pipe_v3_0_12_viv [\xbip_pipe_v3_0_12_viv(c_latency...]

Compiling architecture rtl of entity floating_point_v7_1_22.delay [\delay(width=2)\]

Compiling architecture dsp48e1_v of entity unisim.DSP48E1 [\DSP48E1(adreg=0,alumodereg=0,ca...]

Compiling architecture synth of entity xbip_pipe_v3_0_12.xbip_pipe_v3_0_12_viv [\xbip_pipe_v3_0_12_viv(c_has_ce=...]

Compiling architecture rtl of entity floating_point_v7_1_22.delay [\delay(width=25,length=0)\]

Compiling architecture rtl of entity floating_point_v7_1_22.dsp48e1_wrapper [\dsp48e1_wrapper(a_width=24,c_wi...]

Compiling architecture rtl of entity floating_point_v7_1_22.norm_and_round_dsp48e1_sgl [\norm_and_round_dsp48e1_sgl(c_mu...]

Compiling architecture lut5_v of entity unisim.LUT5 [\LUT5(init="10011001100110011001...]

Compiling architecture lut5_v of entity unisim.LUT5 [\LUT5(init="11111111000000001111...]

Compiling architecture synth of entity xbip_pipe_v3_0_12.xbip_pipe_v3_0_12_viv [\xbip_pipe_v3_0_12_viv(c_has_ce=...]

Compiling architecture rtl of entity floating_point_v7_1_22.delay [\delay(width=9,length=0)\]

Compiling architecture struct of entity floating_point_v7_1_22.carry_chain [\carry_chain(c_xdevicefamily="zy...]

Compiling architecture synth of entity xbip_pipe_v3_0_12.xbip_pipe_v3_0_12_viv [\xbip_pipe_v3_0_12_viv(c_has_ce=...]

Compiling architecture rtl of entity floating_point_v7_1_22.delay [\delay(width=8,length=0)\]

Compiling architecture synth of entity xbip_pipe_v3_0_12.xbip_pipe_v3_0_12_viv [\xbip_pipe_v3_0_12_viv(c_latency...]

Compiling architecture rtl of entity floating_point_v7_1_22.delay [\delay(width=10)\]

Compiling architecture synth of entity xbip_pipe_v3_0_12.xbip_pipe_v3_0_12_viv [\xbip_pipe_v3_0_12_viv(c_has_ce=...]

Compiling architecture rtl of entity floating_point_v7_1_22.delay [\delay(width=4,length=0,fast_inp...]

Compiling architecture fdre_v of entity unisim.FDRE [fdre_default]

Compiling architecture fde_v of entity unisim.FDE [fde_default]

Compiling architecture struct of entity floating_point_v7_1_22.carry_chain [\carry_chain(c_xdevicefamily="zy...]

Compiling architecture synth of entity floating_point_v7_1_22.compare_eq_im [\compare_eq_im(c_xdevicefamily="...]

Compiling architecture synth of entity xbip_pipe_v3_0_12.xbip_pipe_v3_0_12_viv [\xbip_pipe_v3_0_12_viv(c_latency...]

Compiling architecture rtl of entity floating_point_v7_1_22.delay [\delay(fast_input=true)\]

Compiling architecture rtl of entity floating_point_v7_1_22.special_detect [\special_detect(c_xdevicefamily=...]

Compiling architecture struct of entity floating_point_v7_1_22.carry_chain [\carry_chain(c_xdevicefamily="zy...]

Compiling architecture synth of entity floating_point_v7_1_22.compare_gt [\compare_gt(c_xdevicefamily="zyn...]

Compiling architecture synth of entity floating_point_v7_1_22.compare [\compare(c_xdevicefamily="zynqup...]

Compiling architecture synth of entity xbip_pipe_v3_0_12.xbip_pipe_v3_0_12_viv [\xbip_pipe_v3_0_12_viv(c_latency...]

Compiling architecture rtl of entity floating_point_v7_1_22.delay [\delay(width=8)\]

Compiling architecture synth of entity xbip_pipe_v3_0_12.xbip_pipe_v3_0_12_viv [\xbip_pipe_v3_0_12_viv(c_latency...]

Compiling architecture rtl of entity floating_point_v7_1_22.delay [\delay(width=9)\]

Compiling architecture synth of entity xbip_pipe_v3_0_12.xbip_pipe_v3_0_12_viv [\xbip_pipe_v3_0_12_viv(c_latency...]

Compiling architecture rtl of entity floating_point_v7_1_22.delay [\delay(width=2,length=2,fast_inp...]

Compiling architecture synth of entity xbip_pipe_v3_0_12.xbip_pipe_v3_0_12_viv [\xbip_pipe_v3_0_12_viv(c_latency...]

Compiling architecture rtl of entity floating_point_v7_1_22.delay [\delay(length=2,fast_input=true)...]

Compiling architecture synth of entity xbip_pipe_v3_0_12.xbip_pipe_v3_0_12_viv [\xbip_pipe_v3_0_12_viv(c_has_ce=...]

Compiling architecture rtl of entity floating_point_v7_1_22.delay [\delay(length=0,fast_input=true)...]

Compiling architecture synth of entity xbip_pipe_v3_0_12.xbip_pipe_v3_0_12_viv [\xbip_pipe_v3_0_12_viv(c_has_ce=...]

Compiling architecture rtl of entity floating_point_v7_1_22.delay [\delay(width=2,length=0,fast_inp...]

Compiling architecture synth of entity xbip_pipe_v3_0_12.xbip_pipe_v3_0_12_viv [\xbip_pipe_v3_0_12_viv(c_has_ce=...]

Compiling architecture rtl of entity floating_point_v7_1_22.delay [\delay(width=12,length=0)\]

Compiling architecture rtl of entity floating_point_v7_1_22.flt_add_exp_sp [\flt_add_exp_sp(c_xdevicefamily=...]

Compiling architecture synth of entity xbip_pipe_v3_0_12.xbip_pipe_v3_0_12_viv [\xbip_pipe_v3_0_12_viv(c_latency...]

Compiling architecture rtl of entity floating_point_v7_1_22.delay [\delay(width=23)\]

Compiling architecture synth of entity floating_point_v7_1_22.flt_dec_op [\flt_dec_op(c_xdevicefamily="zyn...]

Compiling architecture rtl of entity floating_point_v7_1_22.flt_add_dsp [\flt_add_dsp(c_xdevicefamily="zy...]

Compiling architecture rtl of entity floating_point_v7_1_22.flt_add [\flt_add(c_xdevicefamily="zynqup...]

Compiling architecture synth of entity xbip_pipe_v3_0_12.xbip_pipe_v3_0_12_viv [\xbip_pipe_v3_0_12_viv(c_latency...]

Compiling architecture synth of entity xbip_pipe_v3_0_12.xbip_pipe_v3_0_12_viv [\xbip_pipe_v3_0_12_viv(c_has_ce=...]

Compiling architecture rtl of entity floating_point_v7_1_22.delay [\delay(width=32,length=0)\]

Compiling architecture xilinx of entity floating_point_v7_1_22.floating_point_v7_1_22_viv [\floating_point_v7_1_22_viv(c_xd...]

Compiling architecture xilinx of entity floating_point_v7_1_22.floating_point_v7_1_22 [\floating_point_v7_1_22(c_xdevic...]

Compiling architecture w4a8_linear_v1_fadd_32ns_32ns_32_6_full_dsp_1_ip_arch of entity xil_defaultlib.w4a8_linear_v1_fadd_32ns_32ns_32_6_full_dsp_1_ip [w4a8_linear_v1_fadd_32ns_32ns_32...]

Compiling module xil_defaultlib.w4a8_linear_v1_fadd_32ns_32ns_32...

Compiling architecture dsp48e1_v of entity unisim.DSP48E1 [\DSP48E1(acascreg=0,adreg=0,alum...]

Compiling architecture synth of entity xbip_pipe_v3_0_12.xbip_pipe_v3_0_12_viv [\xbip_pipe_v3_0_12_viv(c_has_ce=...]

Compiling architecture rtl of entity floating_point_v7_1_22.delay [\delay(width=17,length=0)\]

Compiling architecture rtl of entity floating_point_v7_1_22.dsp48e1_wrapper [\dsp48e1_wrapper(a_width=24,b_wi...]

Compiling architecture dsp48e1_v of entity unisim.DSP48E1 [\DSP48E1(acascreg=0,adreg=0,alum...]

Compiling architecture rtl of entity floating_point_v7_1_22.dsp48e1_wrapper [\dsp48e1_wrapper(a_width=24,b_wi...]

Compiling architecture struct of entity floating_point_v7_1_22.fix_mult_dsp48e1_sgl [\fix_mult_dsp48e1_sgl(registers=...]

Compiling architecture rtl of entity floating_point_v7_1_22.fix_mult [\fix_mult(c_xdevicefamily="zynqu...]

Compiling architecture synth of entity xbip_pipe_v3_0_12.xbip_pipe_v3_0_12_viv [\xbip_pipe_v3_0_12_viv(c_has_ce=...]

Compiling architecture rtl of entity floating_point_v7_1_22.delay [\delay(width=8,length=0,fast_inp...]

Compiling architecture struct of entity floating_point_v7_1_22.carry_chain [\carry_chain(c_xdevicefamily="zy...]

Compiling architecture struct of entity floating_point_v7_1_22.carry_chain [\carry_chain(c_xdevicefamily="zy...]

Compiling architecture synth of entity floating_point_v7_1_22.compare_eq_im [\compare_eq_im(c_xdevicefamily="...]

Compiling architecture rtl of entity floating_point_v7_1_22.special_detect [\special_detect(c_xdevicefamily=...]

Compiling architecture synth of entity xbip_pipe_v3_0_12.xbip_pipe_v3_0_12_viv [\xbip_pipe_v3_0_12_viv(c_latency...]

Compiling architecture rtl of entity floating_point_v7_1_22.delay [\delay(width=2,fast_input=true)\]

Compiling architecture synth of entity xbip_pipe_v3_0_12.xbip_pipe_v3_0_12_viv [\xbip_pipe_v3_0_12_viv(c_latency...]

Compiling architecture rtl of entity floating_point_v7_1_22.delay [\delay(width=4,fast_input=true)\]

Compiling architecture synth of entity xbip_pipe_v3_0_12.xbip_pipe_v3_0_12_viv [\xbip_pipe_v3_0_12_viv(c_has_ce=...]

Compiling architecture rtl of entity floating_point_v7_1_22.delay [\delay(width=3,length=0,fast_inp...]

Compiling architecture synth of entity xbip_pipe_v3_0_12.xbip_pipe_v3_0_12_viv [\xbip_pipe_v3_0_12_viv(c_has_ce=...]

Compiling architecture rtl of entity floating_point_v7_1_22.delay [\delay(width=14,length=0)\]

Compiling architecture rtl of entity floating_point_v7_1_22.flt_mult_exp [\flt_mult_exp(c_xdevicefamily="z...]

Compiling architecture dsp48e1_v of entity unisim.DSP48E1 [\DSP48E1(acascreg=0,adreg=0,alum...]

Compiling architecture synth of entity xbip_pipe_v3_0_12.xbip_pipe_v3_0_12_viv [\xbip_pipe_v3_0_12_viv(c_has_ce=...]

Compiling architecture rtl of entity floating_point_v7_1_22.delay [\delay(width=30,length=0)\]

Compiling architecture synth of entity xbip_pipe_v3_0_12.xbip_pipe_v3_0_12_viv [\xbip_pipe_v3_0_12_viv(c_has_ce=...]

Compiling architecture rtl of entity floating_point_v7_1_22.delay [\delay(width=18,length=0)\]

Compiling architecture rtl of entity floating_point_v7_1_22.dsp48e1_wrapper [\dsp48e1_wrapper(a_width=30,b_wi...]

Compiling architecture struct of entity floating_point_v7_1_22.flt_round_dsp_opt_full [\flt_round_dsp_opt_full(c_xdevic...]

Compiling architecture rtl of entity floating_point_v7_1_22.flt_mult_round [\flt_mult_round(c_xdevicefamily=...]

Compiling architecture synth of entity floating_point_v7_1_22.flt_dec_op_lat [\flt_dec_op_lat(c_xdevicefamily=...]

Compiling architecture rtl of entity floating_point_v7_1_22.flt_mult [\flt_mult(c_xdevicefamily="zynqu...]

Compiling architecture xilinx of entity floating_point_v7_1_22.floating_point_v7_1_22_viv [\floating_point_v7_1_22_viv(c_xd...]

Compiling architecture xilinx of entity floating_point_v7_1_22.floating_point_v7_1_22 [\floating_point_v7_1_22(c_xdevic...]

Compiling architecture w4a8_linear_v1_fmul_32ns_32ns_32_4_max_dsp_1_ip_arch of entity xil_defaultlib.w4a8_linear_v1_fmul_32ns_32ns_32_4_max_dsp_1_ip [w4a8_linear_v1_fmul_32ns_32ns_32...]

Compiling module xil_defaultlib.w4a8_linear_v1_fmul_32ns_32ns_32...

Compiling architecture synth of entity xbip_pipe_v3_0_12.xbip_pipe_v3_0_12_viv [\xbip_pipe_v3_0_12_viv(c_has_ce=...]

Compiling architecture rtl of entity floating_point_v7_1_22.delay [\delay(width=31,length=0)\]

Compiling architecture synth of entity xbip_pipe_v3_0_12.xbip_pipe_v3_0_12_viv [\xbip_pipe_v3_0_12_viv(c_latency...]

Compiling architecture rtl of entity floating_point_v7_1_22.delay [\delay(width=32)\]

Compiling architecture struct of entity floating_point_v7_1_22.carry_chain [\carry_chain(c_xdevicefamily="zy...]

Compiling architecture rtl of entity floating_point_v7_1_22.norm_zero_det [\norm_zero_det(data_width=7,norm...]

Compiling architecture rtl of entity floating_point_v7_1_22.mux4 [\mux4(c_xdevicefamily="zynquplus...]

Compiling architecture rtl of entity floating_point_v7_1_22.mux4 [\mux4(c_xdevicefamily="zynquplus...]

Compiling architecture struct of entity floating_point_v7_1_22.carry_chain [\carry_chain(c_xdevicefamily="zy...]

Compiling architecture rtl of entity floating_point_v7_1_22.lead_zero_encode [\lead_zero_encode(c_xdevicefamil...]

Compiling architecture rtl of entity floating_point_v7_1_22.shift_msb_first [\shift_msb_first(a_width=32,resu...]

Compiling architecture struct of entity floating_point_v7_1_22.carry_chain [\carry_chain(c_xdevicefamily="zy...]

Compiling architecture struct of entity floating_point_v7_1_22.carry_chain [\carry_chain(c_xdevicefamily="zy...]

Compiling architecture synth of entity xbip_pipe_v3_0_12.xbip_pipe_v3_0_12_viv [\xbip_pipe_v3_0_12_viv(c_has_ce=...]

Compiling architecture rtl of entity floating_point_v7_1_22.delay [\delay(width=2,length=0)\]

Compiling architecture struct of entity floating_point_v7_1_22.carry_chain [\carry_chain(c_xdevicefamily="zy...]

Compiling architecture rtl of entity floating_point_v7_1_22.flt_round_bit [\flt_round_bit(c_xdevicefamily="...]

Compiling architecture rtl of entity floating_point_v7_1_22.renorm_and_round_logic [\renorm_and_round_logic(c_xdevic...]

Compiling architecture synth of entity xbip_pipe_v3_0_12.xbip_pipe_v3_0_12_viv [\xbip_pipe_v3_0_12_viv(c_latency...]

Compiling architecture rtl of entity floating_point_v7_1_22.delay [\delay(length=2)\]

Compiling architecture synth of entity floating_point_v7_1_22.fix_to_flt_conv_exp [\fix_to_flt_conv_exp(c_xdevicefa...]

Compiling architecture struct of entity floating_point_v7_1_22.fix_to_flt_conv [\fix_to_flt_conv(c_xdevicefamily...]

Compiling architecture synth of entity xbip_pipe_v3_0_12.xbip_pipe_v3_0_12_viv [\xbip_pipe_v3_0_12_viv(c_latency...]

Compiling architecture xilinx of entity floating_point_v7_1_22.floating_point_v7_1_22_viv [\floating_point_v7_1_22_viv(c_xd...]

Compiling architecture xilinx of entity floating_point_v7_1_22.floating_point_v7_1_22 [\floating_point_v7_1_22(c_xdevic...]

Compiling architecture w4a8_linear_v1_sitofp_32ns_32_5_no_dsp_1_ip_arch of entity xil_defaultlib.w4a8_linear_v1_sitofp_32ns_32_5_no_dsp_1_ip [w4a8_linear_v1_sitofp_32ns_32_5_...]

Compiling module xil_defaultlib.w4a8_linear_v1_sitofp_32ns_32_5_...

Compiling module xil_defaultlib.w4a8_linear_v1_sparsemux_65_5_32...

Compiling module xil_defaultlib.w4a8_linear_v1_p_anonymous_names...

Compiling module xil_defaultlib.w4a8_linear_v1_p_anonymous_names...

Compiling module xil_defaultlib.w4a8_linear_v1_p_anonymous_names...

Compiling module xil_defaultlib.w4a8_linear_v1_mul_32ns_32ns_62_...

Compiling module xil_defaultlib.w4a8_linear_v1_p_anonymous_names...

Compiling module xil_defaultlib.w4a8_linear_v1_p_anonymous_names...

Compiling module xil_defaultlib.w4a8_linear_v1_w4a8_linear_v1_Pi...

Compiling module xil_defaultlib.w4a8_linear_v1_w4a8_linear_v1_Pi...

Compiling module xil_defaultlib.w4a8_linear_v1_w4a8_linear_v1_Pi...

Compiling module xil_defaultlib.w4a8_linear_v1_w4a8_linear_v1_Pi...

Compiling module xil_defaultlib.w4a8_linear_v1_w4a8_linear_v1_Pi...

Compiling module xil_defaultlib.w4a8_linear_v1_w4a8_tile_group_s...

Compiling module xil_defaultlib.w4a8_linear_v1_w4a8_linear_v1_Pi...

Compiling module xil_defaultlib.w4a8_linear_v1_w4a8_linear_v1_Pi...

Compiling module xil_defaultlib.w4a8_linear_v1_control_s_axi

Compiling module xil_defaultlib.w4a8_linear_v1_gmem_meta_m_axi_s...

Compiling module xil_defaultlib.w4a8_linear_v1_gmem_meta_m_axi_f...

Compiling module xil_defaultlib.w4a8_linear_v1_gmem_meta_m_axi_m...

Compiling module xil_defaultlib.w4a8_linear_v1_gmem_meta_m_axi_f...

Compiling module xil_defaultlib.w4a8_linear_v1_gmem_meta_m_axi_s...

Compiling module xil_defaultlib.w4a8_linear_v1_gmem_meta_m_axi_f...

Compiling module xil_defaultlib.w4a8_linear_v1_gmem_meta_m_axi_m...

Compiling module xil_defaultlib.w4a8_linear_v1_gmem_meta_m_axi_f...

Compiling module xil_defaultlib.w4a8_linear_v1_gmem_meta_m_axi_m...

Compiling module xil_defaultlib.w4a8_linear_v1_gmem_meta_m_axi_f...

Compiling module xil_defaultlib.w4a8_linear_v1_gmem_meta_m_axi_s...

Compiling module xil_defaultlib.w4a8_linear_v1_gmem_meta_m_axi_m...

Compiling module xil_defaultlib.w4a8_linear_v1_gmem_meta_m_axi_f...

Compiling module xil_defaultlib.w4a8_linear_v1_gmem_meta_m_axi_l...

Compiling module xil_defaultlib.w4a8_linear_v1_gmem_meta_m_axi_r...

Compiling module xil_defaultlib.w4a8_linear_v1_gmem_meta_m_axi_b...

Compiling module xil_defaultlib.w4a8_linear_v1_gmem_meta_m_axi_b...

Compiling module xil_defaultlib.w4a8_linear_v1_gmem_meta_m_axi_r...

Compiling module xil_defaultlib.w4a8_linear_v1_gmem_meta_m_axi_s...

Compiling module xil_defaultlib.w4a8_linear_v1_gmem_meta_m_axi_f...

Compiling module xil_defaultlib.w4a8_linear_v1_gmem_meta_m_axi_r...

Compiling module xil_defaultlib.w4a8_linear_v1_gmem_meta_m_axi_t...

Compiling module xil_defaultlib.w4a8_linear_v1_gmem_meta_m_axi_r...

Compiling module xil_defaultlib.w4a8_linear_v1_gmem_meta_m_axi_s...

Compiling module xil_defaultlib.w4a8_linear_v1_gmem_meta_m_axi_f...

Compiling module xil_defaultlib.w4a8_linear_v1_gmem_meta_m_axi_w...

Compiling module xil_defaultlib.w4a8_linear_v1_gmem_meta_m_axi_r...

Compiling module xil_defaultlib.w4a8_linear_v1_gmem_meta_m_axi_r...

Compiling module xil_defaultlib.w4a8_linear_v1_gmem_meta_m_axi(C...

Compiling module xil_defaultlib.w4a8_linear_v1_gmem_sw_m_axi_srl...

Compiling module xil_defaultlib.w4a8_linear_v1_gmem_sw_m_axi_fif...

Compiling module xil_defaultlib.w4a8_linear_v1_gmem_sw_m_axi_mem...

Compiling module xil_defaultlib.w4a8_linear_v1_gmem_sw_m_axi_fif...

Compiling module xil_defaultlib.w4a8_linear_v1_gmem_sw_m_axi_loa...

Compiling module xil_defaultlib.w4a8_linear_v1_gmem_sw_m_axi_reg...

Compiling module xil_defaultlib.w4a8_linear_v1_gmem_sw_m_axi_bur...

Compiling module xil_defaultlib.w4a8_linear_v1_gmem_sw_m_axi_bur...

Compiling module xil_defaultlib.w4a8_linear_v1_gmem_sw_m_axi_reg...

Compiling module xil_defaultlib.w4a8_linear_v1_gmem_sw_m_axi_srl...

Compiling module xil_defaultlib.w4a8_linear_v1_gmem_sw_m_axi_fif...

Compiling module xil_defaultlib.w4a8_linear_v1_gmem_sw_m_axi_rea...

Compiling module xil_defaultlib.w4a8_linear_v1_gmem_sw_m_axi(C_M...

Compiling module xil_defaultlib.w4a8_linear_v1_gmem_w_m_axi_srl(...

Compiling module xil_defaultlib.w4a8_linear_v1_gmem_w_m_axi_fifo...

Compiling module xil_defaultlib.w4a8_linear_v1_gmem_w_m_axi_mem(...

Compiling module xil_defaultlib.w4a8_linear_v1_gmem_w_m_axi_fifo...

Compiling module xil_defaultlib.w4a8_linear_v1_gmem_w_m_axi_load...

Compiling module xil_defaultlib.w4a8_linear_v1_gmem_w_m_axi_reg_...

Compiling module xil_defaultlib.w4a8_linear_v1_gmem_w_m_axi_burs...

Compiling module xil_defaultlib.w4a8_linear_v1_gmem_w_m_axi_burs...

Compiling module xil_defaultlib.w4a8_linear_v1_gmem_w_m_axi_reg_...

Compiling module xil_defaultlib.w4a8_linear_v1_gmem_w_m_axi_srl(...

Compiling module xil_defaultlib.w4a8_linear_v1_gmem_w_m_axi_fifo...

Compiling module xil_defaultlib.w4a8_linear_v1_gmem_w_m_axi_read...

Compiling module xil_defaultlib.w4a8_linear_v1_gmem_w_m_axi(C_M_...

Compiling module xil_defaultlib.w4a8_linear_v1_gmem_x_m_axi_srl(...

Compiling module xil_defaultlib.w4a8_linear_v1_gmem_x_m_axi_fifo...

Compiling module xil_defaultlib.w4a8_linear_v1_gmem_x_m_axi_mem(...

Compiling module xil_defaultlib.w4a8_linear_v1_gmem_x_m_axi_fifo...

Compiling module xil_defaultlib.w4a8_linear_v1_gmem_x_m_axi_load...

Compiling module xil_defaultlib.w4a8_linear_v1_gmem_x_m_axi_reg_...

Compiling module xil_defaultlib.w4a8_linear_v1_gmem_x_m_axi_burs...

Compiling module xil_defaultlib.w4a8_linear_v1_gmem_x_m_axi_burs...

Compiling module xil_defaultlib.w4a8_linear_v1_gmem_x_m_axi_reg_...

Compiling module xil_defaultlib.w4a8_linear_v1_gmem_x_m_axi_srl(...

Compiling module xil_defaultlib.w4a8_linear_v1_gmem_x_m_axi_fifo...

Compiling module xil_defaultlib.w4a8_linear_v1_gmem_x_m_axi_read...

Compiling module xil_defaultlib.w4a8_linear_v1_gmem_x_m_axi(C_M_...

Compiling module xil_defaultlib.w4a8_linear_v1_gmem_y_m_axi_srl(...

Compiling module xil_defaultlib.w4a8_linear_v1_gmem_y_m_axi_fifo...

Compiling module xil_defaultlib.w4a8_linear_v1_gmem_y_m_axi_mem(...

Compiling module xil_defaultlib.w4a8_linear_v1_gmem_y_m_axi_fifo...

Compiling module xil_defaultlib.w4a8_linear_v1_gmem_y_m_axi_mem(...

Compiling module xil_defaultlib.w4a8_linear_v1_gmem_y_m_axi_fifo...

Compiling module xil_defaultlib.w4a8_linear_v1_gmem_y_m_axi_mem(...

Compiling module xil_defaultlib.w4a8_linear_v1_gmem_y_m_axi_fifo...

Compiling module xil_defaultlib.w4a8_linear_v1_gmem_y_m_axi_mem(...

Compiling module xil_defaultlib.w4a8_linear_v1_gmem_y_m_axi_fifo...

Compiling module xil_defaultlib.w4a8_linear_v1_gmem_y_m_axi_stor...

Compiling module xil_defaultlib.w4a8_linear_v1_gmem_y_m_axi_reg_...

Compiling module xil_defaultlib.w4a8_linear_v1_gmem_y_m_axi_burs...

Compiling module xil_defaultlib.w4a8_linear_v1_gmem_y_m_axi_burs...

Compiling module xil_defaultlib.w4a8_linear_v1_gmem_y_m_axi_reg_...

Compiling module xil_defaultlib.w4a8_linear_v1_gmem_y_m_axi_srl(...

Compiling module xil_defaultlib.w4a8_linear_v1_gmem_y_m_axi_fifo...

Compiling module xil_defaultlib.w4a8_linear_v1_gmem_y_m_axi_reg_...

Compiling module xil_defaultlib.w4a8_linear_v1_gmem_y_m_axi_thro...

Compiling module xil_defaultlib.w4a8_linear_v1_gmem_y_m_axi_reg_...

Compiling module xil_defaultlib.w4a8_linear_v1_gmem_y_m_axi_srl(...

Compiling module xil_defaultlib.w4a8_linear_v1_gmem_y_m_axi_fifo...

Compiling module xil_defaultlib.w4a8_linear_v1_gmem_y_m_axi_writ...

Compiling module xil_defaultlib.w4a8_linear_v1_gmem_y_m_axi(C_M_...

Compiling module xil_defaultlib.w4a8_linear_v1_mul_25ns_27ns_52_...

Compiling module xil_defaultlib.w4a8_linear_v1_mul_32ns_25ns_57_...

Compiling module xil_defaultlib.w4a8_linear_v1_mul_32ns_32ns_64_...

Compiling module xil_defaultlib.w4a8_linear_v1

Compiling module xil_defaultlib.misc_interface_default

Compiling module xil_defaultlib.axi_if(ADDR_WIDTH=64,STRB_WIDTH=...

Compiling module xil_defaultlib.axi_if(ADDR_WIDTH=64,STRB_WIDTH=...

Compiling module xil_defaultlib.axi_if(ADDR_WIDTH=64,STRB_WIDTH=...

Compiling module xil_defaultlib.axi_if(ADDR_WIDTH=8,STRB_WIDTH=4...

Compiling module xil_defaultlib.sv_module_top

Compiling module xil_defaultlib.AESL_deadlock_detect_unit(PROC_N...

Compiling module xil_defaultlib.AESL_deadlock_detect_unit(PROC_N...

Compiling module xil_defaultlib.AESL_deadlock_report_unit(PROC_N...

Compiling module xil_defaultlib.AESL_deadlock_detector_1

Compiling module xil_defaultlib.df_process_intf_default

Compiling module xil_defaultlib.nodf_module_intf_default

Compiling module xil_defaultlib.seq_loop_intf(FSM_WIDTH=243)

Compiling module xil_defaultlib.seq_loop_intf(FSM_WIDTH=78)

Compiling module xil_defaultlib.seq_loop_intf(FSM_WIDTH=81)

Compiling module xil_defaultlib.seq_loop_intf(FSM_WIDTH=4)

Compiling module xil_defaultlib.upc_loop_intf(FSM_WIDTH=1)

Compiling module xil_defaultlib.dataflow_monitor_1

Compiling module xil_defaultlib.apatb_w4a8_linear_v1_top

Compiling module xil_defaultlib.glbl

Built simulation snapshot w4a8_linear_v1



****** xsim v2026.1 (64-bit)

  **** SW Build 6511674 on Tue Jun 16 11:02:23 MDT 2026

  **** IP Build 6504888 on Tue Jun 09 09:05:25 MDT 2026

  **** SharedData Build 6501428 on Mon Jun 08 17:34:18 MDT 2026

  **** Start of session at: Sat Oct  3 04:21:10 2026

    ** Copyright 1986-2022 Xilinx, Inc. All Rights Reserved.

    ** Copyright 2022-2026 Advanced Micro Devices, Inc. All Rights Reserved.



source xsim.dir/w4a8_linear_v1/xsim_script.tcl

# xsim {w4a8_linear_v1} -testplusarg UVM_VERBOSITY=UVM_NONE -testplusarg UVM_TESTNAME=w4a8_linear_v1_test_lib -testplusarg UVM_TIMEOUT=20000000000000 -view {{w4a8_linear_v1_dataflow_ana.wcfg}} -tclbatch {w4a8_linear_v1.tcl} -protoinst {w4a8_linear_v1.protoinst}

INFO: [Wavedata 42-565] Reading protoinst file w4a8_linear_v1.protoinst

INFO: [Wavedata 42-564]   Found protocol instance at /apatb_w4a8_linear_v1_top/AESL_inst_w4a8_linear_v1//AESL_inst_w4a8_linear_v1_activity

INFO: [Wavedata 42-564]   Found protocol instance at /apatb_w4a8_linear_v1_top/AESL_inst_w4a8_linear_v1/grp_p_anonymous_namespace_compute_prefill_fu_541/grp_p_anonymous_namespace_compute_prefill_Pipeline_VITIS_LOOP_373_2_fu_306/grp_p_anonymous_namespace_compute_prefill_Pipeline_VITIS_LOOP_373_2_fu_306_activity

INFO: [Wavedata 42-564]   Found protocol instance at /apatb_w4a8_linear_v1_top/AESL_inst_w4a8_linear_v1/grp_p_anonymous_namespace_compute_prefill_fu_541/grp_p_anonymous_namespace_compute_prefill_Pipeline_VITIS_LOOP_387_4_VITIS_LOOP_390_5_fu_317/grp_p_anonymous_namespace_compute_prefill_Pipeline_VITIS_LOOP_387_4_VITIS_LOOP_390_5_fu_317_activity

INFO: [Wavedata 42-564]   Found protocol instance at /apatb_w4a8_linear_v1_top/AESL_inst_w4a8_linear_v1/grp_p_anonymous_namespace_compute_prefill_fu_541/grp_p_anonymous_namespace_compute_prefill_Pipeline_VITIS_LOOP_437_7_VITIS_LOOP_440_8_fu_358/grp_p_anonymous_namespace_compute_prefill_Pipeline_VITIS_LOOP_437_7_VITIS_LOOP_440_8_fu_358_activity

INFO: [Wavedata 42-564]   Found protocol instance at /apatb_w4a8_linear_v1_top/AESL_inst_w4a8_linear_v1/grp_p_anonymous_namespace_compute_prefill_fu_541/grp_p_anonymous_namespace_compute_prefill_fu_541_activity

INFO: [Wavedata 42-564]   Found protocol instance at /apatb_w4a8_linear_v1_top/AESL_inst_w4a8_linear_v1/grp_p_anonymous_namespace_compute_prefill_fu_541/grp_p_anonymous_namespace_load_prefill_group_fu_323/grp_p_anonymous_namespace_load_prefill_group_Pipeline_VITIS_LOOP_251_1_fu_117/grp_p_anonymous_namespace_load_prefill_group_Pipeline_VITIS_LOOP_251_1_fu_117_activity

INFO: [Wavedata 42-564]   Found protocol instance at /apatb_w4a8_linear_v1_top/AESL_inst_w4a8_linear_v1/grp_p_anonymous_namespace_compute_prefill_fu_541/grp_p_anonymous_namespace_load_prefill_group_fu_323/grp_p_anonymous_namespace_load_prefill_group_Pipeline_VITIS_LOOP_51_1_fu_108/grp_p_anonymous_namespace_load_prefill_group_Pipeline_VITIS_LOOP_51_1_fu_108_activity

INFO: [Wavedata 42-564]   Found protocol instance at /apatb_w4a8_linear_v1_top/AESL_inst_w4a8_linear_v1/grp_p_anonymous_namespace_compute_prefill_fu_541/grp_p_anonymous_namespace_load_prefill_group_fu_323/grp_p_anonymous_namespace_load_prefill_group_fu_323_activity

INFO: [Wavedata 42-564]   Found protocol instance at /apatb_w4a8_linear_v1_top/AESL_inst_w4a8_linear_v1/grp_p_anonymous_namespace_compute_prefill_fu_541/grp_p_anonymous_namespace_prefill_overlap_fu_336/grp_p_anonymous_namespace_prefill_overlap_fu_336_activity

INFO: [Wavedata 42-564]   Found protocol instance at /apatb_w4a8_linear_v1_top/AESL_inst_w4a8_linear_v1/grp_p_anonymous_namespace_compute_prefill_fu_541/grp_p_anonymous_namespace_prefill_overlap_fu_336/p_anonymous_namespace_compute_prefill_group_U0/grp_p_anonymous_namespace_compute_prefill_group_Pipeline_VITIS_LOOP_287_2_fu_114/grp_p_anonymous_namespace_compute_prefill_group_Pipeline_VITIS_LOOP_287_2_fu_114_activity

INFO: [Wavedata 42-564]   Found protocol instance at /apatb_w4a8_linear_v1_top/AESL_inst_w4a8_linear_v1/grp_p_anonymous_namespace_compute_prefill_fu_541/grp_p_anonymous_namespace_prefill_overlap_fu_336/p_anonymous_namespace_compute_prefill_group_U0/grp_w4a8_tile_group_sums_fu_104/grp_w4a8_tile_group_sums_Pipeline_VITIS_LOOP_165_2_fu_184/grp_w4a8_tile_group_sums_Pipeline_VITIS_LOOP_165_2_fu_184_activity

INFO: [Wavedata 42-564]   Found protocol instance at /apatb_w4a8_linear_v1_top/AESL_inst_w4a8_linear_v1/grp_p_anonymous_namespace_compute_prefill_fu_541/grp_p_anonymous_namespace_prefill_overlap_fu_336/p_anonymous_namespace_compute_prefill_group_U0/grp_w4a8_tile_group_sums_fu_104/grp_w4a8_tile_group_sums_fu_104_activity

INFO: [Wavedata 42-564]   Found protocol instance at /apatb_w4a8_linear_v1_top/AESL_inst_w4a8_linear_v1/grp_p_anonymous_namespace_compute_prefill_fu_541/grp_p_anonymous_namespace_prefill_overlap_fu_336/p_anonymous_namespace_compute_prefill_group_U0/p_anonymous_namespace_compute_prefill_group_U0_activity

INFO: [Wavedata 42-564]   Found protocol instance at /apatb_w4a8_linear_v1_top/AESL_inst_w4a8_linear_v1/grp_p_anonymous_namespace_compute_prefill_fu_541/grp_p_anonymous_namespace_prefill_overlap_fu_336/p_anonymous_namespace_load_prefill_group_1_U0/grp_p_anonymous_namespace_load_prefill_group_1_Pipeline_VITIS_LOOP_251_1_fu_133/grp_p_anonymous_namespace_load_prefill_group_1_Pipeline_VITIS_LOOP_251_1_fu_133_activity

INFO: [Wavedata 42-564]   Found protocol instance at /apatb_w4a8_linear_v1_top/AESL_inst_w4a8_linear_v1/grp_p_anonymous_namespace_compute_prefill_fu_541/grp_p_anonymous_namespace_prefill_overlap_fu_336/p_anonymous_namespace_load_prefill_group_1_U0/grp_p_anonymous_namespace_load_prefill_group_1_Pipeline_VITIS_LOOP_51_1_fu_124/grp_p_anonymous_namespace_load_prefill_group_1_Pipeline_VITIS_LOOP_51_1_fu_124_activity

INFO: [Wavedata 42-564]   Found protocol instance at /apatb_w4a8_linear_v1_top/AESL_inst_w4a8_linear_v1/grp_p_anonymous_namespace_compute_prefill_fu_541/grp_p_anonymous_namespace_prefill_overlap_fu_336/p_anonymous_namespace_load_prefill_group_1_U0/p_anonymous_namespace_load_prefill_group_1_U0_activity

INFO: [Wavedata 42-564]   Found protocol instance at /apatb_w4a8_linear_v1_top/AESL_inst_w4a8_linear_v1/grp_p_anonymous_namespace_contains_invalid_w4_fu_531/grp_p_anonymous_namespace_contains_invalid_w4_Pipeline_VITIS_LOOP_105_3_fu_241/grp_p_anonymous_namespace_contains_invalid_w4_Pipeline_VITIS_LOOP_105_3_fu_241_activity

INFO: [Wavedata 42-564]   Found protocol instance at /apatb_w4a8_linear_v1_top/AESL_inst_w4a8_linear_v1/grp_p_anonymous_namespace_contains_invalid_w4_fu_531/grp_p_anonymous_namespace_contains_invalid_w4_Pipeline_VITIS_LOOP_51_1_fu_233/grp_p_anonymous_namespace_contains_invalid_w4_Pipeline_VITIS_LOOP_51_1_fu_233_activity

INFO: [Wavedata 42-564]   Found protocol instance at /apatb_w4a8_linear_v1_top/AESL_inst_w4a8_linear_v1/grp_p_anonymous_namespace_contains_invalid_w4_fu_531/grp_p_anonymous_namespace_contains_invalid_w4_fu_531_activity

INFO: [Wavedata 42-564]   Found protocol instance at /apatb_w4a8_linear_v1_top/AESL_inst_w4a8_linear_v1/grp_p_anonymous_namespace_write_meta_fu_508/grp_p_anonymous_namespace_write_meta_fu_508_activity

INFO: [Wavedata 42-564]   Found protocol instance at /apatb_w4a8_linear_v1_top/AESL_inst_w4a8_linear_v1/grp_w4a8_linear_v1_Pipeline_VITIS_LOOP_51_1_fu_577/grp_w4a8_linear_v1_Pipeline_VITIS_LOOP_51_1_fu_577_activity

INFO: [Wavedata 42-564]   Found protocol instance at /apatb_w4a8_linear_v1_top/AESL_inst_w4a8_linear_v1/grp_w4a8_linear_v1_Pipeline_VITIS_LOOP_665_2_fu_563/grp_w4a8_linear_v1_Pipeline_VITIS_LOOP_665_2_fu_563_activity

INFO: [Wavedata 42-564]   Found protocol instance at /apatb_w4a8_linear_v1_top/AESL_inst_w4a8_linear_v1/grp_w4a8_linear_v1_Pipeline_VITIS_LOOP_675_4_fu_572/grp_w4a8_linear_v1_Pipeline_VITIS_LOOP_675_4_fu_572_activity

INFO: [Wavedata 42-564]   Found protocol instance at /apatb_w4a8_linear_v1_top/AESL_inst_w4a8_linear_v1/grp_w4a8_linear_v1_Pipeline_VITIS_LOOP_706_6_fu_585/grp_w4a8_linear_v1_Pipeline_VITIS_LOOP_706_6_fu_585_activity

INFO: [Wavedata 42-564]   Found protocol instance at /apatb_w4a8_linear_v1_top/AESL_inst_w4a8_linear_v1/grp_w4a8_linear_v1_Pipeline_VITIS_LOOP_723_7_fu_607/grp_w4a8_linear_v1_Pipeline_VITIS_LOOP_723_7_fu_607_activity

INFO: [Wavedata 42-564]   Found protocol instance at /apatb_w4a8_linear_v1_top/AESL_inst_w4a8_linear_v1/grp_w4a8_linear_v1_Pipeline_VITIS_LOOP_737_8_fu_593/grp_w4a8_linear_v1_Pipeline_VITIS_LOOP_737_8_fu_593_activity

INFO: [Wavedata 42-564]   Found protocol instance at /apatb_w4a8_linear_v1_top/AESL_inst_w4a8_linear_v1/grp_w4a8_linear_v1_Pipeline_VITIS_LOOP_747_9_fu_646/grp_w4a8_linear_v1_Pipeline_VITIS_LOOP_747_9_fu_646_activity

INFO: [Wavedata 42-564]   Found protocol instance at /apatb_w4a8_linear_v1_top/AESL_inst_w4a8_linear_v1/grp_w4a8_tile_group_sums_1_fu_600/grp_w4a8_tile_group_sums_1_fu_600_activity

Time resolution is 1 ps

open_wave_config w4a8_linear_v1_dataflow_ana.wcfg

source w4a8_linear_v1.tcl

## log_wave [get_objects -filter {type == in_port || type == out_port || type == inout_port || type == port} /apatb_w4a8_linear_v1_top/AESL_inst_w4a8_linear_v1/*]

## set designtopgroup [add_wave_group "Design Top Signals"]

## set cinoutgroup [add_wave_group "C InOuts" -into $designtopgroup]

## set meta_group [add_wave_group meta(axi_master) -into $cinoutgroup]

## set rdata_group [add_wave_group "Read Channel" -into $meta_group]

## set wdata_group [add_wave_group "Write Channel" -into $meta_group]

## set ctrl_group [add_wave_group "Handshakes" -into $meta_group]

## add_wave /apatb_w4a8_linear_v1_top/AESL_inst_w4a8_linear_v1/m_axi_gmem_meta_BUSER -into $wdata_group -radix hex

## add_wave /apatb_w4a8_linear_v1_top/AESL_inst_w4a8_linear_v1/m_axi_gmem_meta_BID -into $wdata_group -radix hex

## add_wave /apatb_w4a8_linear_v1_top/AESL_inst_w4a8_linear_v1/m_axi_gmem_meta_BRESP -into $wdata_group -radix hex

## add_wave /apatb_w4a8_linear_v1_top/AESL_inst_w4a8_linear_v1/m_axi_gmem_meta_BREADY -into $ctrl_group -color #ffff00 -radix hex

## add_wave /apatb_w4a8_linear_v1_top/AESL_inst_w4a8_linear_v1/m_axi_gmem_meta_BVALID -into $ctrl_group -color #ffff00 -radix hex

## add_wave /apatb_w4a8_linear_v1_top/AESL_inst_w4a8_linear_v1/m_axi_gmem_meta_RRESP -into $rdata_group -radix hex

## add_wave /apatb_w4a8_linear_v1_top/AESL_inst_w4a8_linear_v1/m_axi_gmem_meta_RUSER -into $rdata_group -radix hex

## add_wave /apatb_w4a8_linear_v1_top/AESL_inst_w4a8_linear_v1/m_axi_gmem_meta_RID -into $rdata_group -radix hex

## add_wave /apatb_w4a8_linear_v1_top/AESL_inst_w4a8_linear_v1/m_axi_gmem_meta_RLAST -into $ctrl_group -color #ffff00 -radix hex

## add_wave /apatb_w4a8_linear_v1_top/AESL_inst_w4a8_linear_v1/m_axi_gmem_meta_RDATA -into $rdata_group -radix hex

## add_wave /apatb_w4a8_linear_v1_top/AESL_inst_w4a8_linear_v1/m_axi_gmem_meta_RREADY -into $ctrl_group -color #ffff00 -radix hex

## add_wave /apatb_w4a8_linear_v1_top/AESL_inst_w4a8_linear_v1/m_axi_gmem_meta_RVALID -into $ctrl_group -color #ffff00 -radix hex

## add_wave /apatb_w4a8_linear_v1_top/AESL_inst_w4a8_linear_v1/m_axi_gmem_meta_ARUSER -into $rdata_group -radix hex

## add_wave /apatb_w4a8_linear_v1_top/AESL_inst_w4a8_linear_v1/m_axi_gmem_meta_ARREGION -into $rdata_group -radix hex

## add_wave /apatb_w4a8_linear_v1_top/AESL_inst_w4a8_linear_v1/m_axi_gmem_meta_ARQOS -into $rdata_group -radix hex

## add_wave /apatb_w4a8_linear_v1_top/AESL_inst_w4a8_linear_v1/m_axi_gmem_meta_ARPROT -into $rdata_group -radix hex

## add_wave /apatb_w4a8_linear_v1_top/AESL_inst_w4a8_linear_v1/m_axi_gmem_meta_ARCACHE -into $rdata_group -radix hex

## add_wave /apatb_w4a8_linear_v1_top/AESL_inst_w4a8_linear_v1/m_axi_gmem_meta_ARLOCK -into $rdata_group -radix hex

## add_wave /apatb_w4a8_linear_v1_top/AESL_inst_w4a8_linear_v1/m_axi_gmem_meta_ARBURST -into $rdata_group -radix hex

## add_wave /apatb_w4a8_linear_v1_top/AESL_inst_w4a8_linear_v1/m_axi_gmem_meta_ARSIZE -into $rdata_group -radix hex

## add_wave /apatb_w4a8_linear_v1_top/AESL_inst_w4a8_linear_v1/m_axi_gmem_meta_ARLEN -into $rdata_group -radix hex

## add_wave /apatb_w4a8_linear_v1_top/AESL_inst_w4a8_linear_v1/m_axi_gmem_meta_ARID -into $rdata_group -radix hex

## add_wave /apatb_w4a8_linear_v1_top/AESL_inst_w4a8_linear_v1/m_axi_gmem_meta_ARADDR -into $rdata_group -radix hex

## add_wave /apatb_w4a8_linear_v1_top/AESL_inst_w4a8_linear_v1/m_axi_gmem_meta_ARREADY -into $ctrl_group -color #ffff00 -radix hex

## add_wave /apatb_w4a8_linear_v1_top/AESL_inst_w4a8_linear_v1/m_axi_gmem_meta_ARVALID -into $ctrl_group -color #ffff00 -radix hex

## add_wave /apatb_w4a8_linear_v1_top/AESL_inst_w4a8_linear_v1/m_axi_gmem_meta_WUSER -into $wdata_group -radix hex

## add_wave /apatb_w4a8_linear_v1_top/AESL_inst_w4a8_linear_v1/m_axi_gmem_meta_WID -into $wdata_group -radix hex

## add_wave /apatb_w4a8_linear_v1_top/AESL_inst_w4a8_linear_v1/m_axi_gmem_meta_WLAST -into $ctrl_group -color #ffff00 -radix hex

## add_wave /apatb_w4a8_linear_v1_top/AESL_inst_w4a8_linear_v1/m_axi_gmem_meta_WSTRB -into $wdata_group -radix hex

## add_wave /apatb_w4a8_linear_v1_top/AESL_inst_w4a8_linear_v1/m_axi_gmem_meta_WDATA -into $wdata_group -radix hex

## add_wave /apatb_w4a8_linear_v1_top/AESL_inst_w4a8_linear_v1/m_axi_gmem_meta_WREADY -into $ctrl_group -color #ffff00 -radix hex

## add_wave /apatb_w4a8_linear_v1_top/AESL_inst_w4a8_linear_v1/m_axi_gmem_meta_WVALID -into $ctrl_group -color #ffff00 -radix hex

## add_wave /apatb_w4a8_linear_v1_top/AESL_inst_w4a8_linear_v1/m_axi_gmem_meta_AWUSER -into $wdata_group -radix hex

## add_wave /apatb_w4a8_linear_v1_top/AESL_inst_w4a8_linear_v1/m_axi_gmem_meta_AWREGION -into $wdata_group -radix hex

## add_wave /apatb_w4a8_linear_v1_top/AESL_inst_w4a8_linear_v1/m_axi_gmem_meta_AWQOS -into $wdata_group -radix hex

## add_wave /apatb_w4a8_linear_v1_top/AESL_inst_w4a8_linear_v1/m_axi_gmem_meta_AWPROT -into $wdata_group -radix hex

## add_wave /apatb_w4a8_linear_v1_top/AESL_inst_w4a8_linear_v1/m_axi_gmem_meta_AWCACHE -into $wdata_group -radix hex

## add_wave /apatb_w4a8_linear_v1_top/AESL_inst_w4a8_linear_v1/m_axi_gmem_meta_AWLOCK -into $wdata_group -radix hex

## add_wave /apatb_w4a8_linear_v1_top/AESL_inst_w4a8_linear_v1/m_axi_gmem_meta_AWBURST -into $wdata_group -radix hex

## add_wave /apatb_w4a8_linear_v1_top/AESL_inst_w4a8_linear_v1/m_axi_gmem_meta_AWSIZE -into $wdata_group -radix hex

## add_wave /apatb_w4a8_linear_v1_top/AESL_inst_w4a8_linear_v1/m_axi_gmem_meta_AWLEN -into $wdata_group -radix hex

## add_wave /apatb_w4a8_linear_v1_top/AESL_inst_w4a8_linear_v1/m_axi_gmem_meta_AWID -into $wdata_group -radix hex

## add_wave /apatb_w4a8_linear_v1_top/AESL_inst_w4a8_linear_v1/m_axi_gmem_meta_AWADDR -into $wdata_group -radix hex

## add_wave /apatb_w4a8_linear_v1_top/AESL_inst_w4a8_linear_v1/m_axi_gmem_meta_AWREADY -into $ctrl_group -color #ffff00 -radix hex

## add_wave /apatb_w4a8_linear_v1_top/AESL_inst_w4a8_linear_v1/m_axi_gmem_meta_AWVALID -into $ctrl_group -color #ffff00 -radix hex

## set w_packed__sw__xq__sx__y__meta__t__n__k__w_bytes__sw_bytes__x_bytes__sx_bytes__y_bytes__meta_bytes__job_id__abi_version__return_group [add_wave_group w_packed__sw__xq__sx__y__meta__t__n__k__w_bytes__sw_bytes__x_bytes__sx_bytes__y_bytes__meta_bytes__job_id__abi_version__return(axi_slave) -into $cinoutgroup]

## add_wave /apatb_w4a8_linear_v1_top/AESL_inst_w4a8_linear_v1/interrupt -into $w_packed__sw__xq__sx__y__meta__t__n__k__w_bytes__sw_bytes__x_bytes__sx_bytes__y_bytes__meta_bytes__job_id__abi_version__return_group -color #ffff00 -radix hex

## add_wave /apatb_w4a8_linear_v1_top/AESL_inst_w4a8_linear_v1/s_axi_control_BRESP -into $w_packed__sw__xq__sx__y__meta__t__n__k__w_bytes__sw_bytes__x_bytes__sx_bytes__y_bytes__meta_bytes__job_id__abi_version__return_group -radix hex

## add_wave /apatb_w4a8_linear_v1_top/AESL_inst_w4a8_linear_v1/s_axi_control_BREADY -into $w_packed__sw__xq__sx__y__meta__t__n__k__w_bytes__sw_bytes__x_bytes__sx_bytes__y_bytes__meta_bytes__job_id__abi_version__return_group -color #ffff00 -radix hex

## add_wave /apatb_w4a8_linear_v1_top/AESL_inst_w4a8_linear_v1/s_axi_control_BVALID -into $w_packed__sw__xq__sx__y__meta__t__n__k__w_bytes__sw_bytes__x_bytes__sx_bytes__y_bytes__meta_bytes__job_id__abi_version__return_group -color #ffff00 -radix hex

## add_wave /apatb_w4a8_linear_v1_top/AESL_inst_w4a8_linear_v1/s_axi_control_RRESP -into $w_packed__sw__xq__sx__y__meta__t__n__k__w_bytes__sw_bytes__x_bytes__sx_bytes__y_bytes__meta_bytes__job_id__abi_version__return_group -radix hex

## add_wave /apatb_w4a8_linear_v1_top/AESL_inst_w4a8_linear_v1/s_axi_control_RDATA -into $w_packed__sw__xq__sx__y__meta__t__n__k__w_bytes__sw_bytes__x_bytes__sx_bytes__y_bytes__meta_bytes__job_id__abi_version__return_group -radix hex

## add_wave /apatb_w4a8_linear_v1_top/AESL_inst_w4a8_linear_v1/s_axi_control_RREADY -into $w_packed__sw__xq__sx__y__meta__t__n__k__w_bytes__sw_bytes__x_bytes__sx_bytes__y_bytes__meta_bytes__job_id__abi_version__return_group -color #ffff00 -radix hex

## add_wave /apatb_w4a8_linear_v1_top/AESL_inst_w4a8_linear_v1/s_axi_control_RVALID -into $w_packed__sw__xq__sx__y__meta__t__n__k__w_bytes__sw_bytes__x_bytes__sx_bytes__y_bytes__meta_bytes__job_id__abi_version__return_group -color #ffff00 -radix hex

## add_wave /apatb_w4a8_linear_v1_top/AESL_inst_w4a8_linear_v1/s_axi_control_ARREADY -into $w_packed__sw__xq__sx__y__meta__t__n__k__w_bytes__sw_bytes__x_bytes__sx_bytes__y_bytes__meta_bytes__job_id__abi_version__return_group -color #ffff00 -radix hex

## add_wave /apatb_w4a8_linear_v1_top/AESL_inst_w4a8_linear_v1/s_axi_control_ARVALID -into $w_packed__sw__xq__sx__y__meta__t__n__k__w_bytes__sw_bytes__x_bytes__sx_bytes__y_bytes__meta_bytes__job_id__abi_version__return_group -color #ffff00 -radix hex

## add_wave /apatb_w4a8_linear_v1_top/AESL_inst_w4a8_linear_v1/s_axi_control_ARADDR -into $w_packed__sw__xq__sx__y__meta__t__n__k__w_bytes__sw_bytes__x_bytes__sx_bytes__y_bytes__meta_bytes__job_id__abi_version__return_group -radix hex

## add_wave /apatb_w4a8_linear_v1_top/AESL_inst_w4a8_linear_v1/s_axi_control_WSTRB -into $w_packed__sw__xq__sx__y__meta__t__n__k__w_bytes__sw_bytes__x_bytes__sx_bytes__y_bytes__meta_bytes__job_id__abi_version__return_group -radix hex

## add_wave /apatb_w4a8_linear_v1_top/AESL_inst_w4a8_linear_v1/s_axi_control_WDATA -into $w_packed__sw__xq__sx__y__meta__t__n__k__w_bytes__sw_bytes__x_bytes__sx_bytes__y_bytes__meta_bytes__job_id__abi_version__return_group -radix hex

## add_wave /apatb_w4a8_linear_v1_top/AESL_inst_w4a8_linear_v1/s_axi_control_WREADY -into $w_packed__sw__xq__sx__y__meta__t__n__k__w_bytes__sw_bytes__x_bytes__sx_bytes__y_bytes__meta_bytes__job_id__abi_version__return_group -color #ffff00 -radix hex

## add_wave /apatb_w4a8_linear_v1_top/AESL_inst_w4a8_linear_v1/s_axi_control_WVALID -into $w_packed__sw__xq__sx__y__meta__t__n__k__w_bytes__sw_bytes__x_bytes__sx_bytes__y_bytes__meta_bytes__job_id__abi_version__return_group -color #ffff00 -radix hex

## add_wave /apatb_w4a8_linear_v1_top/AESL_inst_w4a8_linear_v1/s_axi_control_AWREADY -into $w_packed__sw__xq__sx__y__meta__t__n__k__w_bytes__sw_bytes__x_bytes__sx_bytes__y_bytes__meta_bytes__job_id__abi_version__return_group -color #ffff00 -radix hex

## add_wave /apatb_w4a8_linear_v1_top/AESL_inst_w4a8_linear_v1/s_axi_control_AWVALID -into $w_packed__sw__xq__sx__y__meta__t__n__k__w_bytes__sw_bytes__x_bytes__sx_bytes__y_bytes__meta_bytes__job_id__abi_version__return_group -color #ffff00 -radix hex

## add_wave /apatb_w4a8_linear_v1_top/AESL_inst_w4a8_linear_v1/s_axi_control_AWADDR -into $w_packed__sw__xq__sx__y__meta__t__n__k__w_bytes__sw_bytes__x_bytes__sx_bytes__y_bytes__meta_bytes__job_id__abi_version__return_group -radix hex

## set coutputgroup [add_wave_group "C Outputs" -into $designtopgroup]

## set y_group [add_wave_group y(axi_master) -into $coutputgroup]

## set rdata_group [add_wave_group "Read Channel" -into $y_group]

## set wdata_group [add_wave_group "Write Channel" -into $y_group]

## set ctrl_group [add_wave_group "Handshakes" -into $y_group]

## add_wave /apatb_w4a8_linear_v1_top/AESL_inst_w4a8_linear_v1/m_axi_gmem_y_BUSER -into $wdata_group -radix hex

## add_wave /apatb_w4a8_linear_v1_top/AESL_inst_w4a8_linear_v1/m_axi_gmem_y_BID -into $wdata_group -radix hex

## add_wave /apatb_w4a8_linear_v1_top/AESL_inst_w4a8_linear_v1/m_axi_gmem_y_BRESP -into $wdata_group -radix hex

## add_wave /apatb_w4a8_linear_v1_top/AESL_inst_w4a8_linear_v1/m_axi_gmem_y_BREADY -into $ctrl_group -color #ffff00 -radix hex

## add_wave /apatb_w4a8_linear_v1_top/AESL_inst_w4a8_linear_v1/m_axi_gmem_y_BVALID -into $ctrl_group -color #ffff00 -radix hex

## add_wave /apatb_w4a8_linear_v1_top/AESL_inst_w4a8_linear_v1/m_axi_gmem_y_RRESP -into $rdata_group -radix hex

## add_wave /apatb_w4a8_linear_v1_top/AESL_inst_w4a8_linear_v1/m_axi_gmem_y_RUSER -into $rdata_group -radix hex

## add_wave /apatb_w4a8_linear_v1_top/AESL_inst_w4a8_linear_v1/m_axi_gmem_y_RID -into $rdata_group -radix hex

## add_wave /apatb_w4a8_linear_v1_top/AESL_inst_w4a8_linear_v1/m_axi_gmem_y_RLAST -into $ctrl_group -color #ffff00 -radix hex

## add_wave /apatb_w4a8_linear_v1_top/AESL_inst_w4a8_linear_v1/m_axi_gmem_y_RDATA -into $rdata_group -radix hex

## add_wave /apatb_w4a8_linear_v1_top/AESL_inst_w4a8_linear_v1/m_axi_gmem_y_RREADY -into $ctrl_group -color #ffff00 -radix hex

## add_wave /apatb_w4a8_linear_v1_top/AESL_inst_w4a8_linear_v1/m_axi_gmem_y_RVALID -into $ctrl_group -color #ffff00 -radix hex

## add_wave /apatb_w4a8_linear_v1_top/AESL_inst_w4a8_linear_v1/m_axi_gmem_y_ARUSER -into $rdata_group -radix hex

## add_wave /apatb_w4a8_linear_v1_top/AESL_inst_w4a8_linear_v1/m_axi_gmem_y_ARREGION -into $rdata_group -radix hex

## add_wave /apatb_w4a8_linear_v1_top/AESL_inst_w4a8_linear_v1/m_axi_gmem_y_ARQOS -into $rdata_group -radix hex

## add_wave /apatb_w4a8_linear_v1_top/AESL_inst_w4a8_linear_v1/m_axi_gmem_y_ARPROT -into $rdata_group -radix hex

## add_wave /apatb_w4a8_linear_v1_top/AESL_inst_w4a8_linear_v1/m_axi_gmem_y_ARCACHE -into $rdata_group -radix hex

## add_wave /apatb_w4a8_linear_v1_top/AESL_inst_w4a8_linear_v1/m_axi_gmem_y_ARLOCK -into $rdata_group -radix hex

## add_wave /apatb_w4a8_linear_v1_top/AESL_inst_w4a8_linear_v1/m_axi_gmem_y_ARBURST -into $rdata_group -radix hex

## add_wave /apatb_w4a8_linear_v1_top/AESL_inst_w4a8_linear_v1/m_axi_gmem_y_ARSIZE -into $rdata_group -radix hex

## add_wave /apatb_w4a8_linear_v1_top/AESL_inst_w4a8_linear_v1/m_axi_gmem_y_ARLEN -into $rdata_group -radix hex

## add_wave /apatb_w4a8_linear_v1_top/AESL_inst_w4a8_linear_v1/m_axi_gmem_y_ARID -into $rdata_group -radix hex

## add_wave /apatb_w4a8_linear_v1_top/AESL_inst_w4a8_linear_v1/m_axi_gmem_y_ARADDR -into $rdata_group -radix hex

## add_wave /apatb_w4a8_linear_v1_top/AESL_inst_w4a8_linear_v1/m_axi_gmem_y_ARREADY -into $ctrl_group -color #ffff00 -radix hex

## add_wave /apatb_w4a8_linear_v1_top/AESL_inst_w4a8_linear_v1/m_axi_gmem_y_ARVALID -into $ctrl_group -color #ffff00 -radix hex

## add_wave /apatb_w4a8_linear_v1_top/AESL_inst_w4a8_linear_v1/m_axi_gmem_y_WUSER -into $wdata_group -radix hex

## add_wave /apatb_w4a8_linear_v1_top/AESL_inst_w4a8_linear_v1/m_axi_gmem_y_WID -into $wdata_group -radix hex

## add_wave /apatb_w4a8_linear_v1_top/AESL_inst_w4a8_linear_v1/m_axi_gmem_y_WLAST -into $ctrl_group -color #ffff00 -radix hex

## add_wave /apatb_w4a8_linear_v1_top/AESL_inst_w4a8_linear_v1/m_axi_gmem_y_WSTRB -into $wdata_group -radix hex

## add_wave /apatb_w4a8_linear_v1_top/AESL_inst_w4a8_linear_v1/m_axi_gmem_y_WDATA -into $wdata_group -radix hex

## add_wave /apatb_w4a8_linear_v1_top/AESL_inst_w4a8_linear_v1/m_axi_gmem_y_WREADY -into $ctrl_group -color #ffff00 -radix hex

## add_wave /apatb_w4a8_linear_v1_top/AESL_inst_w4a8_linear_v1/m_axi_gmem_y_WVALID -into $ctrl_group -color #ffff00 -radix hex

## add_wave /apatb_w4a8_linear_v1_top/AESL_inst_w4a8_linear_v1/m_axi_gmem_y_AWUSER -into $wdata_group -radix hex

## add_wave /apatb_w4a8_linear_v1_top/AESL_inst_w4a8_linear_v1/m_axi_gmem_y_AWREGION -into $wdata_group -radix hex

## add_wave /apatb_w4a8_linear_v1_top/AESL_inst_w4a8_linear_v1/m_axi_gmem_y_AWQOS -into $wdata_group -radix hex

## add_wave /apatb_w4a8_linear_v1_top/AESL_inst_w4a8_linear_v1/m_axi_gmem_y_AWPROT -into $wdata_group -radix hex

## add_wave /apatb_w4a8_linear_v1_top/AESL_inst_w4a8_linear_v1/m_axi_gmem_y_AWCACHE -into $wdata_group -radix hex

## add_wave /apatb_w4a8_linear_v1_top/AESL_inst_w4a8_linear_v1/m_axi_gmem_y_AWLOCK -into $wdata_group -radix hex

## add_wave /apatb_w4a8_linear_v1_top/AESL_inst_w4a8_linear_v1/m_axi_gmem_y_AWBURST -into $wdata_group -radix hex

## add_wave /apatb_w4a8_linear_v1_top/AESL_inst_w4a8_linear_v1/m_axi_gmem_y_AWSIZE -into $wdata_group -radix hex

## add_wave /apatb_w4a8_linear_v1_top/AESL_inst_w4a8_linear_v1/m_axi_gmem_y_AWLEN -into $wdata_group -radix hex

## add_wave /apatb_w4a8_linear_v1_top/AESL_inst_w4a8_linear_v1/m_axi_gmem_y_AWID -into $wdata_group -radix hex

## add_wave /apatb_w4a8_linear_v1_top/AESL_inst_w4a8_linear_v1/m_axi_gmem_y_AWADDR -into $wdata_group -radix hex

## add_wave /apatb_w4a8_linear_v1_top/AESL_inst_w4a8_linear_v1/m_axi_gmem_y_AWREADY -into $ctrl_group -color #ffff00 -radix hex

## add_wave /apatb_w4a8_linear_v1_top/AESL_inst_w4a8_linear_v1/m_axi_gmem_y_AWVALID -into $ctrl_group -color #ffff00 -radix hex

## set cinputgroup [add_wave_group "C Inputs" -into $designtopgroup]

## set xq__sx_group [add_wave_group xq__sx(axi_master) -into $cinputgroup]

## set rdata_group [add_wave_group "Read Channel" -into $xq__sx_group]

## set wdata_group [add_wave_group "Write Channel" -into $xq__sx_group]

## set ctrl_group [add_wave_group "Handshakes" -into $xq__sx_group]

## add_wave /apatb_w4a8_linear_v1_top/AESL_inst_w4a8_linear_v1/m_axi_gmem_x_BUSER -into $wdata_group -radix hex

## add_wave /apatb_w4a8_linear_v1_top/AESL_inst_w4a8_linear_v1/m_axi_gmem_x_BID -into $wdata_group -radix hex

## add_wave /apatb_w4a8_linear_v1_top/AESL_inst_w4a8_linear_v1/m_axi_gmem_x_BRESP -into $wdata_group -radix hex

## add_wave /apatb_w4a8_linear_v1_top/AESL_inst_w4a8_linear_v1/m_axi_gmem_x_BREADY -into $ctrl_group -color #ffff00 -radix hex

## add_wave /apatb_w4a8_linear_v1_top/AESL_inst_w4a8_linear_v1/m_axi_gmem_x_BVALID -into $ctrl_group -color #ffff00 -radix hex

## add_wave /apatb_w4a8_linear_v1_top/AESL_inst_w4a8_linear_v1/m_axi_gmem_x_RRESP -into $rdata_group -radix hex

## add_wave /apatb_w4a8_linear_v1_top/AESL_inst_w4a8_linear_v1/m_axi_gmem_x_RUSER -into $rdata_group -radix hex

## add_wave /apatb_w4a8_linear_v1_top/AESL_inst_w4a8_linear_v1/m_axi_gmem_x_RID -into $rdata_group -radix hex

## add_wave /apatb_w4a8_linear_v1_top/AESL_inst_w4a8_linear_v1/m_axi_gmem_x_RLAST -into $ctrl_group -color #ffff00 -radix hex

## add_wave /apatb_w4a8_linear_v1_top/AESL_inst_w4a8_linear_v1/m_axi_gmem_x_RDATA -into $rdata_group -radix hex

## add_wave /apatb_w4a8_linear_v1_top/AESL_inst_w4a8_linear_v1/m_axi_gmem_x_RREADY -into $ctrl_group -color #ffff00 -radix hex

## add_wave /apatb_w4a8_linear_v1_top/AESL_inst_w4a8_linear_v1/m_axi_gmem_x_RVALID -into $ctrl_group -color #ffff00 -radix hex

## add_wave /apatb_w4a8_linear_v1_top/AESL_inst_w4a8_linear_v1/m_axi_gmem_x_ARUSER -into $rdata_group -radix hex

## add_wave /apatb_w4a8_linear_v1_top/AESL_inst_w4a8_linear_v1/m_axi_gmem_x_ARREGION -into $rdata_group -radix hex

## add_wave /apatb_w4a8_linear_v1_top/AESL_inst_w4a8_linear_v1/m_axi_gmem_x_ARQOS -into $rdata_group -radix hex

## add_wave /apatb_w4a8_linear_v1_top/AESL_inst_w4a8_linear_v1/m_axi_gmem_x_ARPROT -into $rdata_group -radix hex

## add_wave /apatb_w4a8_linear_v1_top/AESL_inst_w4a8_linear_v1/m_axi_gmem_x_ARCACHE -into $rdata_group -radix hex

## add_wave /apatb_w4a8_linear_v1_top/AESL_inst_w4a8_linear_v1/m_axi_gmem_x_ARLOCK -into $rdata_group -radix hex

## add_wave /apatb_w4a8_linear_v1_top/AESL_inst_w4a8_linear_v1/m_axi_gmem_x_ARBURST -into $rdata_group -radix hex

## add_wave /apatb_w4a8_linear_v1_top/AESL_inst_w4a8_linear_v1/m_axi_gmem_x_ARSIZE -into $rdata_group -radix hex

## add_wave /apatb_w4a8_linear_v1_top/AESL_inst_w4a8_linear_v1/m_axi_gmem_x_ARLEN -into $rdata_group -radix hex

## add_wave /apatb_w4a8_linear_v1_top/AESL_inst_w4a8_linear_v1/m_axi_gmem_x_ARID -into $rdata_group -radix hex

## add_wave /apatb_w4a8_linear_v1_top/AESL_inst_w4a8_linear_v1/m_axi_gmem_x_ARADDR -into $rdata_group -radix hex

## add_wave /apatb_w4a8_linear_v1_top/AESL_inst_w4a8_linear_v1/m_axi_gmem_x_ARREADY -into $ctrl_group -color #ffff00 -radix hex

## add_wave /apatb_w4a8_linear_v1_top/AESL_inst_w4a8_linear_v1/m_axi_gmem_x_ARVALID -into $ctrl_group -color #ffff00 -radix hex

## add_wave /apatb_w4a8_linear_v1_top/AESL_inst_w4a8_linear_v1/m_axi_gmem_x_WUSER -into $wdata_group -radix hex

## add_wave /apatb_w4a8_linear_v1_top/AESL_inst_w4a8_linear_v1/m_axi_gmem_x_WID -into $wdata_group -radix hex

## add_wave /apatb_w4a8_linear_v1_top/AESL_inst_w4a8_linear_v1/m_axi_gmem_x_WLAST -into $ctrl_group -color #ffff00 -radix hex

## add_wave /apatb_w4a8_linear_v1_top/AESL_inst_w4a8_linear_v1/m_axi_gmem_x_WSTRB -into $wdata_group -radix hex

## add_wave /apatb_w4a8_linear_v1_top/AESL_inst_w4a8_linear_v1/m_axi_gmem_x_WDATA -into $wdata_group -radix hex

## add_wave /apatb_w4a8_linear_v1_top/AESL_inst_w4a8_linear_v1/m_axi_gmem_x_WREADY -into $ctrl_group -color #ffff00 -radix hex

## add_wave /apatb_w4a8_linear_v1_top/AESL_inst_w4a8_linear_v1/m_axi_gmem_x_WVALID -into $ctrl_group -color #ffff00 -radix hex

## add_wave /apatb_w4a8_linear_v1_top/AESL_inst_w4a8_linear_v1/m_axi_gmem_x_AWUSER -into $wdata_group -radix hex

## add_wave /apatb_w4a8_linear_v1_top/AESL_inst_w4a8_linear_v1/m_axi_gmem_x_AWREGION -into $wdata_group -radix hex

## add_wave /apatb_w4a8_linear_v1_top/AESL_inst_w4a8_linear_v1/m_axi_gmem_x_AWQOS -into $wdata_group -radix hex

## add_wave /apatb_w4a8_linear_v1_top/AESL_inst_w4a8_linear_v1/m_axi_gmem_x_AWPROT -into $wdata_group -radix hex

## add_wave /apatb_w4a8_linear_v1_top/AESL_inst_w4a8_linear_v1/m_axi_gmem_x_AWCACHE -into $wdata_group -radix hex

## add_wave /apatb_w4a8_linear_v1_top/AESL_inst_w4a8_linear_v1/m_axi_gmem_x_AWLOCK -into $wdata_group -radix hex

## add_wave /apatb_w4a8_linear_v1_top/AESL_inst_w4a8_linear_v1/m_axi_gmem_x_AWBURST -into $wdata_group -radix hex

## add_wave /apatb_w4a8_linear_v1_top/AESL_inst_w4a8_linear_v1/m_axi_gmem_x_AWSIZE -into $wdata_group -radix hex

## add_wave /apatb_w4a8_linear_v1_top/AESL_inst_w4a8_linear_v1/m_axi_gmem_x_AWLEN -into $wdata_group -radix hex

## add_wave /apatb_w4a8_linear_v1_top/AESL_inst_w4a8_linear_v1/m_axi_gmem_x_AWID -into $wdata_group -radix hex

## add_wave /apatb_w4a8_linear_v1_top/AESL_inst_w4a8_linear_v1/m_axi_gmem_x_AWADDR -into $wdata_group -radix hex

## add_wave /apatb_w4a8_linear_v1_top/AESL_inst_w4a8_linear_v1/m_axi_gmem_x_AWREADY -into $ctrl_group -color #ffff00 -radix hex

## add_wave /apatb_w4a8_linear_v1_top/AESL_inst_w4a8_linear_v1/m_axi_gmem_x_AWVALID -into $ctrl_group -color #ffff00 -radix hex

## set sw_group [add_wave_group sw(axi_master) -into $cinputgroup]

## set rdata_group [add_wave_group "Read Channel" -into $sw_group]

## set wdata_group [add_wave_group "Write Channel" -into $sw_group]

## set ctrl_group [add_wave_group "Handshakes" -into $sw_group]

## add_wave /apatb_w4a8_linear_v1_top/AESL_inst_w4a8_linear_v1/m_axi_gmem_sw_BUSER -into $wdata_group -radix hex

## add_wave /apatb_w4a8_linear_v1_top/AESL_inst_w4a8_linear_v1/m_axi_gmem_sw_BID -into $wdata_group -radix hex

## add_wave /apatb_w4a8_linear_v1_top/AESL_inst_w4a8_linear_v1/m_axi_gmem_sw_BRESP -into $wdata_group -radix hex

## add_wave /apatb_w4a8_linear_v1_top/AESL_inst_w4a8_linear_v1/m_axi_gmem_sw_BREADY -into $ctrl_group -color #ffff00 -radix hex

## add_wave /apatb_w4a8_linear_v1_top/AESL_inst_w4a8_linear_v1/m_axi_gmem_sw_BVALID -into $ctrl_group -color #ffff00 -radix hex

## add_wave /apatb_w4a8_linear_v1_top/AESL_inst_w4a8_linear_v1/m_axi_gmem_sw_RRESP -into $rdata_group -radix hex

## add_wave /apatb_w4a8_linear_v1_top/AESL_inst_w4a8_linear_v1/m_axi_gmem_sw_RUSER -into $rdata_group -radix hex

## add_wave /apatb_w4a8_linear_v1_top/AESL_inst_w4a8_linear_v1/m_axi_gmem_sw_RID -into $rdata_group -radix hex

## add_wave /apatb_w4a8_linear_v1_top/AESL_inst_w4a8_linear_v1/m_axi_gmem_sw_RLAST -into $ctrl_group -color #ffff00 -radix hex

## add_wave /apatb_w4a8_linear_v1_top/AESL_inst_w4a8_linear_v1/m_axi_gmem_sw_RDATA -into $rdata_group -radix hex

## add_wave /apatb_w4a8_linear_v1_top/AESL_inst_w4a8_linear_v1/m_axi_gmem_sw_RREADY -into $ctrl_group -color #ffff00 -radix hex

## add_wave /apatb_w4a8_linear_v1_top/AESL_inst_w4a8_linear_v1/m_axi_gmem_sw_RVALID -into $ctrl_group -color #ffff00 -radix hex

## add_wave /apatb_w4a8_linear_v1_top/AESL_inst_w4a8_linear_v1/m_axi_gmem_sw_ARUSER -into $rdata_group -radix hex

## add_wave /apatb_w4a8_linear_v1_top/AESL_inst_w4a8_linear_v1/m_axi_gmem_sw_ARREGION -into $rdata_group -radix hex

## add_wave /apatb_w4a8_linear_v1_top/AESL_inst_w4a8_linear_v1/m_axi_gmem_sw_ARQOS -into $rdata_group -radix hex

## add_wave /apatb_w4a8_linear_v1_top/AESL_inst_w4a8_linear_v1/m_axi_gmem_sw_ARPROT -into $rdata_group -radix hex

## add_wave /apatb_w4a8_linear_v1_top/AESL_inst_w4a8_linear_v1/m_axi_gmem_sw_ARCACHE -into $rdata_group -radix hex

## add_wave /apatb_w4a8_linear_v1_top/AESL_inst_w4a8_linear_v1/m_axi_gmem_sw_ARLOCK -into $rdata_group -radix hex

## add_wave /apatb_w4a8_linear_v1_top/AESL_inst_w4a8_linear_v1/m_axi_gmem_sw_ARBURST -into $rdata_group -radix hex

## add_wave /apatb_w4a8_linear_v1_top/AESL_inst_w4a8_linear_v1/m_axi_gmem_sw_ARSIZE -into $rdata_group -radix hex

## add_wave /apatb_w4a8_linear_v1_top/AESL_inst_w4a8_linear_v1/m_axi_gmem_sw_ARLEN -into $rdata_group -radix hex

## add_wave /apatb_w4a8_linear_v1_top/AESL_inst_w4a8_linear_v1/m_axi_gmem_sw_ARID -into $rdata_group -radix hex

## add_wave /apatb_w4a8_linear_v1_top/AESL_inst_w4a8_linear_v1/m_axi_gmem_sw_ARADDR -into $rdata_group -radix hex

## add_wave /apatb_w4a8_linear_v1_top/AESL_inst_w4a8_linear_v1/m_axi_gmem_sw_ARREADY -into $ctrl_group -color #ffff00 -radix hex

## add_wave /apatb_w4a8_linear_v1_top/AESL_inst_w4a8_linear_v1/m_axi_gmem_sw_ARVALID -into $ctrl_group -color #ffff00 -radix hex

## add_wave /apatb_w4a8_linear_v1_top/AESL_inst_w4a8_linear_v1/m_axi_gmem_sw_WUSER -into $wdata_group -radix hex

## add_wave /apatb_w4a8_linear_v1_top/AESL_inst_w4a8_linear_v1/m_axi_gmem_sw_WID -into $wdata_group -radix hex

## add_wave /apatb_w4a8_linear_v1_top/AESL_inst_w4a8_linear_v1/m_axi_gmem_sw_WLAST -into $ctrl_group -color #ffff00 -radix hex

## add_wave /apatb_w4a8_linear_v1_top/AESL_inst_w4a8_linear_v1/m_axi_gmem_sw_WSTRB -into $wdata_group -radix hex

## add_wave /apatb_w4a8_linear_v1_top/AESL_inst_w4a8_linear_v1/m_axi_gmem_sw_WDATA -into $wdata_group -radix hex

## add_wave /apatb_w4a8_linear_v1_top/AESL_inst_w4a8_linear_v1/m_axi_gmem_sw_WREADY -into $ctrl_group -color #ffff00 -radix hex

## add_wave /apatb_w4a8_linear_v1_top/AESL_inst_w4a8_linear_v1/m_axi_gmem_sw_WVALID -into $ctrl_group -color #ffff00 -radix hex

## add_wave /apatb_w4a8_linear_v1_top/AESL_inst_w4a8_linear_v1/m_axi_gmem_sw_AWUSER -into $wdata_group -radix hex

## add_wave /apatb_w4a8_linear_v1_top/AESL_inst_w4a8_linear_v1/m_axi_gmem_sw_AWREGION -into $wdata_group -radix hex

## add_wave /apatb_w4a8_linear_v1_top/AESL_inst_w4a8_linear_v1/m_axi_gmem_sw_AWQOS -into $wdata_group -radix hex

## add_wave /apatb_w4a8_linear_v1_top/AESL_inst_w4a8_linear_v1/m_axi_gmem_sw_AWPROT -into $wdata_group -radix hex

## add_wave /apatb_w4a8_linear_v1_top/AESL_inst_w4a8_linear_v1/m_axi_gmem_sw_AWCACHE -into $wdata_group -radix hex

## add_wave /apatb_w4a8_linear_v1_top/AESL_inst_w4a8_linear_v1/m_axi_gmem_sw_AWLOCK -into $wdata_group -radix hex

## add_wave /apatb_w4a8_linear_v1_top/AESL_inst_w4a8_linear_v1/m_axi_gmem_sw_AWBURST -into $wdata_group -radix hex

## add_wave /apatb_w4a8_linear_v1_top/AESL_inst_w4a8_linear_v1/m_axi_gmem_sw_AWSIZE -into $wdata_group -radix hex

## add_wave /apatb_w4a8_linear_v1_top/AESL_inst_w4a8_linear_v1/m_axi_gmem_sw_AWLEN -into $wdata_group -radix hex

## add_wave /apatb_w4a8_linear_v1_top/AESL_inst_w4a8_linear_v1/m_axi_gmem_sw_AWID -into $wdata_group -radix hex

## add_wave /apatb_w4a8_linear_v1_top/AESL_inst_w4a8_linear_v1/m_axi_gmem_sw_AWADDR -into $wdata_group -radix hex

## add_wave /apatb_w4a8_linear_v1_top/AESL_inst_w4a8_linear_v1/m_axi_gmem_sw_AWREADY -into $ctrl_group -color #ffff00 -radix hex

## add_wave /apatb_w4a8_linear_v1_top/AESL_inst_w4a8_linear_v1/m_axi_gmem_sw_AWVALID -into $ctrl_group -color #ffff00 -radix hex

## set w_packed_group [add_wave_group w_packed(axi_master) -into $cinputgroup]

## set rdata_group [add_wave_group "Read Channel" -into $w_packed_group]

## set wdata_group [add_wave_group "Write Channel" -into $w_packed_group]

## set ctrl_group [add_wave_group "Handshakes" -into $w_packed_group]

## add_wave /apatb_w4a8_linear_v1_top/AESL_inst_w4a8_linear_v1/m_axi_gmem_w_BUSER -into $wdata_group -radix hex

## add_wave /apatb_w4a8_linear_v1_top/AESL_inst_w4a8_linear_v1/m_axi_gmem_w_BID -into $wdata_group -radix hex

## add_wave /apatb_w4a8_linear_v1_top/AESL_inst_w4a8_linear_v1/m_axi_gmem_w_BRESP -into $wdata_group -radix hex

## add_wave /apatb_w4a8_linear_v1_top/AESL_inst_w4a8_linear_v1/m_axi_gmem_w_BREADY -into $ctrl_group -color #ffff00 -radix hex

## add_wave /apatb_w4a8_linear_v1_top/AESL_inst_w4a8_linear_v1/m_axi_gmem_w_BVALID -into $ctrl_group -color #ffff00 -radix hex

## add_wave /apatb_w4a8_linear_v1_top/AESL_inst_w4a8_linear_v1/m_axi_gmem_w_RRESP -into $rdata_group -radix hex

## add_wave /apatb_w4a8_linear_v1_top/AESL_inst_w4a8_linear_v1/m_axi_gmem_w_RUSER -into $rdata_group -radix hex

## add_wave /apatb_w4a8_linear_v1_top/AESL_inst_w4a8_linear_v1/m_axi_gmem_w_RID -into $rdata_group -radix hex

## add_wave /apatb_w4a8_linear_v1_top/AESL_inst_w4a8_linear_v1/m_axi_gmem_w_RLAST -into $ctrl_group -color #ffff00 -radix hex

## add_wave /apatb_w4a8_linear_v1_top/AESL_inst_w4a8_linear_v1/m_axi_gmem_w_RDATA -into $rdata_group -radix hex

## add_wave /apatb_w4a8_linear_v1_top/AESL_inst_w4a8_linear_v1/m_axi_gmem_w_RREADY -into $ctrl_group -color #ffff00 -radix hex

## add_wave /apatb_w4a8_linear_v1_top/AESL_inst_w4a8_linear_v1/m_axi_gmem_w_RVALID -into $ctrl_group -color #ffff00 -radix hex

## add_wave /apatb_w4a8_linear_v1_top/AESL_inst_w4a8_linear_v1/m_axi_gmem_w_ARUSER -into $rdata_group -radix hex

## add_wave /apatb_w4a8_linear_v1_top/AESL_inst_w4a8_linear_v1/m_axi_gmem_w_ARREGION -into $rdata_group -radix hex

## add_wave /apatb_w4a8_linear_v1_top/AESL_inst_w4a8_linear_v1/m_axi_gmem_w_ARQOS -into $rdata_group -radix hex

## add_wave /apatb_w4a8_linear_v1_top/AESL_inst_w4a8_linear_v1/m_axi_gmem_w_ARPROT -into $rdata_group -radix hex

## add_wave /apatb_w4a8_linear_v1_top/AESL_inst_w4a8_linear_v1/m_axi_gmem_w_ARCACHE -into $rdata_group -radix hex

## add_wave /apatb_w4a8_linear_v1_top/AESL_inst_w4a8_linear_v1/m_axi_gmem_w_ARLOCK -into $rdata_group -radix hex

## add_wave /apatb_w4a8_linear_v1_top/AESL_inst_w4a8_linear_v1/m_axi_gmem_w_ARBURST -into $rdata_group -radix hex

## add_wave /apatb_w4a8_linear_v1_top/AESL_inst_w4a8_linear_v1/m_axi_gmem_w_ARSIZE -into $rdata_group -radix hex

## add_wave /apatb_w4a8_linear_v1_top/AESL_inst_w4a8_linear_v1/m_axi_gmem_w_ARLEN -into $rdata_group -radix hex

## add_wave /apatb_w4a8_linear_v1_top/AESL_inst_w4a8_linear_v1/m_axi_gmem_w_ARID -into $rdata_group -radix hex

## add_wave /apatb_w4a8_linear_v1_top/AESL_inst_w4a8_linear_v1/m_axi_gmem_w_ARADDR -into $rdata_group -radix hex

## add_wave /apatb_w4a8_linear_v1_top/AESL_inst_w4a8_linear_v1/m_axi_gmem_w_ARREADY -into $ctrl_group -color #ffff00 -radix hex

## add_wave /apatb_w4a8_linear_v1_top/AESL_inst_w4a8_linear_v1/m_axi_gmem_w_ARVALID -into $ctrl_group -color #ffff00 -radix hex

## add_wave /apatb_w4a8_linear_v1_top/AESL_inst_w4a8_linear_v1/m_axi_gmem_w_WUSER -into $wdata_group -radix hex

## add_wave /apatb_w4a8_linear_v1_top/AESL_inst_w4a8_linear_v1/m_axi_gmem_w_WID -into $wdata_group -radix hex

## add_wave /apatb_w4a8_linear_v1_top/AESL_inst_w4a8_linear_v1/m_axi_gmem_w_WLAST -into $ctrl_group -color #ffff00 -radix hex

## add_wave /apatb_w4a8_linear_v1_top/AESL_inst_w4a8_linear_v1/m_axi_gmem_w_WSTRB -into $wdata_group -radix hex

## add_wave /apatb_w4a8_linear_v1_top/AESL_inst_w4a8_linear_v1/m_axi_gmem_w_WDATA -into $wdata_group -radix hex

## add_wave /apatb_w4a8_linear_v1_top/AESL_inst_w4a8_linear_v1/m_axi_gmem_w_WREADY -into $ctrl_group -color #ffff00 -radix hex

## add_wave /apatb_w4a8_linear_v1_top/AESL_inst_w4a8_linear_v1/m_axi_gmem_w_WVALID -into $ctrl_group -color #ffff00 -radix hex

## add_wave /apatb_w4a8_linear_v1_top/AESL_inst_w4a8_linear_v1/m_axi_gmem_w_AWUSER -into $wdata_group -radix hex

## add_wave /apatb_w4a8_linear_v1_top/AESL_inst_w4a8_linear_v1/m_axi_gmem_w_AWREGION -into $wdata_group -radix hex

## add_wave /apatb_w4a8_linear_v1_top/AESL_inst_w4a8_linear_v1/m_axi_gmem_w_AWQOS -into $wdata_group -radix hex

## add_wave /apatb_w4a8_linear_v1_top/AESL_inst_w4a8_linear_v1/m_axi_gmem_w_AWPROT -into $wdata_group -radix hex

## add_wave /apatb_w4a8_linear_v1_top/AESL_inst_w4a8_linear_v1/m_axi_gmem_w_AWCACHE -into $wdata_group -radix hex

## add_wave /apatb_w4a8_linear_v1_top/AESL_inst_w4a8_linear_v1/m_axi_gmem_w_AWLOCK -into $wdata_group -radix hex

## add_wave /apatb_w4a8_linear_v1_top/AESL_inst_w4a8_linear_v1/m_axi_gmem_w_AWBURST -into $wdata_group -radix hex

## add_wave /apatb_w4a8_linear_v1_top/AESL_inst_w4a8_linear_v1/m_axi_gmem_w_AWSIZE -into $wdata_group -radix hex

## add_wave /apatb_w4a8_linear_v1_top/AESL_inst_w4a8_linear_v1/m_axi_gmem_w_AWLEN -into $wdata_group -radix hex

## add_wave /apatb_w4a8_linear_v1_top/AESL_inst_w4a8_linear_v1/m_axi_gmem_w_AWID -into $wdata_group -radix hex

## add_wave /apatb_w4a8_linear_v1_top/AESL_inst_w4a8_linear_v1/m_axi_gmem_w_AWADDR -into $wdata_group -radix hex

## add_wave /apatb_w4a8_linear_v1_top/AESL_inst_w4a8_linear_v1/m_axi_gmem_w_AWREADY -into $ctrl_group -color #ffff00 -radix hex

## add_wave /apatb_w4a8_linear_v1_top/AESL_inst_w4a8_linear_v1/m_axi_gmem_w_AWVALID -into $ctrl_group -color #ffff00 -radix hex

## set resetgroup [add_wave_group "Reset" -into $designtopgroup]

## add_wave /apatb_w4a8_linear_v1_top/AESL_inst_w4a8_linear_v1/ap_rst_n -into $resetgroup

## set clockgroup [add_wave_group "Clock" -into $designtopgroup]

## add_wave /apatb_w4a8_linear_v1_top/AESL_inst_w4a8_linear_v1/ap_clk -into $clockgroup

## save_wave_config w4a8_linear_v1.wcfg

## run all

UVM_INFO D:/2026.1/2026.1/Vivado/data/system_verilog/uvm_1.2/xlnx_uvm_package.sv(18601) @ 0: reporter [UVM/RELNOTES] 

----------------------------------------------------------------

UVM-1.2

(C) 2007-2014 Mentor Graphics Corporation

(C) 2007-2014 Cadence Design Systems, Inc.

(C) 2006-2014 Synopsys, Inc.

(C) 2011-2013 Cypress Semiconductor Corp.

(C) 2013-2014 NVIDIA Corporation

----------------------------------------------------------------



  ***********       IMPORTANT RELEASE NOTES         ************



  You are using a version of the UVM library that has been compiled

  with `UVM_NO_DEPRECATED undefined.



  You are using a version of the UVM library that has been compiled

  with `UVM_OBJECT_DO_NOT_NEED_CONSTRUCTOR undefined.



      (Specify +UVM_NO_RELNOTES to turn off this notice)



UVM_INFO D:/2026.1/2026.1/Vivado/data/system_verilog/uvm_1.2/xlnx_uvm_package.sv(18648) @ 0: reporter [NO_DPI_TSTNAME] UVM_NO_DPI defined--getting UVM_TESTNAME directly, without DPI

UVM_INFO D:/2026.1/2026.1/Vivado/data/system_verilog/uvm_1.2/xlnx_uvm_package.sv(18752) @ 0: reporter [UVMTOP] UVM testbench topology:

-------------------------------------------------------------------------------------------

Name                            Type                                Size  Value            

-------------------------------------------------------------------------------------------

uvm_test_top                    w4a8_linear_v1_test_lib             -     @378             

  top_env                       w4a8_linear_v1_env                  -     @389             

    axi_lite_control            uvm_env                             -     @576             

      item_rtr_port             uvm_analysis_port                   -     @595             

      item_wtr_port             uvm_analysis_port                   -     @585             

      master                    uvm_agent                           -     @1068            

        ardrv                   uvm_driver #(REQ,RSP)               -     @1743            

          item_read_imp         uvm_analysis_port                   -     @1772            

          rsp_port              uvm_analysis_port                   -     @1762            

          seq_item_port         uvm_seq_item_pull_port              -     @1752            

          m_num_sent            integral                            32    'h0              

        arsqr                   axi_sequencer                       -     @1782            

          rsp_export            uvm_analysis_export                 -     @1791            

          seq_item_export       uvm_seq_item_pull_imp               -     @1909            

          arbitration_queue     array                               0     -                

          lock_queue            array                               0     -                

          num_last_reqs         integral                            32    'd1              

          num_last_rsps         integral                            32    'd1              

        awdrv                   uvm_driver #(REQ,RSP)               -     @1215            

          item_read_imp         uvm_analysis_port                   -     @1244            

          rsp_port              uvm_analysis_port                   -     @1234            

          seq_item_port         uvm_seq_item_pull_port              -     @1224            

          m_num_sent            integral                            32    'h0              

        awsqr                   axi_sequencer                       -     @1254            

          rsp_export            uvm_analysis_export                 -     @1263            

          seq_item_export       uvm_seq_item_pull_imp               -     @1381            

          arbitration_queue     array                               0     -                

          lock_queue            array                               0     -                

          num_last_reqs         integral                            32    'd1              

          num_last_rsps         integral                            32    'd1              

        bdrv                    uvm_driver #(REQ,RSP)               -     @1567            

          item_read_imp         uvm_analysis_port                   -     @1596            

          rsp_port              uvm_analysis_port                   -     @1586            

          seq_item_port         uvm_seq_item_pull_port              -     @1576            

          m_num_sent            integral                            32    'h0              

        bsqr                    axi_sequencer                       -     @1606            

          rsp_export            uvm_analysis_export                 -     @1615            

          seq_item_export       uvm_seq_item_pull_imp               -     @1733            

          arbitration_queue     array                               0     -                

          lock_queue            array                               0     -                

          num_last_reqs         integral                            32    'd1              

          num_last_rsps         integral                            32    'd1              

        rdrv                    uvm_driver #(REQ,RSP)               -     @1919            

          item_read_imp         uvm_analysis_port                   -     @1948            

          rsp_port              uvm_analysis_port                   -     @1938            

          seq_item_port         uvm_seq_item_pull_port              -     @1928            

          m_num_sent            integral                            32    'h0              

        rsqr                    axi_sequencer                       -     @1958            

          rsp_export            uvm_analysis_export                 -     @1967            

          seq_item_export       uvm_seq_item_pull_imp               -     @2085            

          arbitration_queue     array                               0     -                

          lock_queue            array                               0     -                

          num_last_reqs         integral                            32    'd1              

          num_last_rsps         integral                            32    'd1              

        wdrv                    uvm_driver #(REQ,RSP)               -     @1391            

          item_read_imp         uvm_analysis_port                   -     @1420            

          rsp_port              uvm_analysis_port                   -     @1410            

          seq_item_port         uvm_seq_item_pull_port              -     @1400            

          m_num_sent            integral                            32    'h0              

        wsqr                    axi_sequencer                       -     @1430            

          rsp_export            uvm_analysis_export                 -     @1439            

          seq_item_export       uvm_seq_item_pull_imp               -     @1557            

          arbitration_queue     array                               0     -                

          lock_queue            array                               0     -                

          num_last_reqs         integral                            32    'd1              

          num_last_rsps         integral                            32    'd1              

      monitor                   uvm_monitor                         -     @890             

        item_ar2r_port          uvm_analysis_port                   -     @959             

        item_ar_port            uvm_analysis_port                   -     @929             

        item_aw2b_port          uvm_analysis_port                   -     @949             

        item_aw_port            uvm_analysis_port                   -     @899             

        item_b_port             uvm_analysis_port                   -     @919             

        item_r_port             uvm_analysis_port                   -     @939             

        item_w_port             uvm_analysis_port                   -     @909             

        checks_enable           integral                            1     'h1              

        coverage_enable         integral                            1     'h1              

      state                     axi_state                           -     @969             

        ar2r_imp                uvm_analysis_imp_ar2r               -     @1038            

        ar_imp                  uvm_analysis_imp_ar                 -     @1008            

        aw2b_imp                uvm_analysis_imp_aw2b               -     @1028            

        aw_imp                  uvm_analysis_imp_aw                 -     @978             

        b_imp                   uvm_analysis_imp_b                  -     @998             

        item_rtr_port           uvm_analysis_port                   -     @1058            

        item_wtr_port           uvm_analysis_port                   -     @1048            

        r_imp                   uvm_analysis_imp_r                  -     @1018            

        w_imp                   uvm_analysis_imp_w                  -     @988             

        avg_rate                integral                            32    'h0              

        exp_rate                integral                            32    'h0              

        win_size                integral                            32    'h0              

        bqnum_for_slaseq        integral                            32    'h0              

        rq_from_model_num       integral                            32    'h0              

      vsqr                      axi_virtual_sequencer               -     @1077            

        rsp_export              uvm_analysis_export                 -     @1086            

        seq_item_export         uvm_seq_item_pull_imp               -     @1204            

        arbitration_queue       array                               0     -                

        lock_queue              array                               0     -                

        num_last_reqs           integral                            32    'd1              

        num_last_rsps           integral                            32    'd1              

      cfg                       axi_cfg                             -     @409             

        has_checker             integral                            1     'h1              

        has_coverage            integral                            1     'h1              

        id_num                  integral                            32    'h1              

        reset_level             reset_level_enum                    32    RESET_LEVEL_LOW  

        drv_type                drv_type_enum                       32    MASTER           

        write_latency_mode      latency_mode_enum                   32    CHANNEL_FIRST    

        read_latency_mode       latency_mode_enum                   32    CHANNEL_FIRST    

        clatency                axi_latency_control                 -     @574             

          wr_latency            integral                            32    'h0              

          rd_latency            integral                            32    'h0              

    axi_master_gmem_meta        uvm_env                             -     @544             

      item_rtr_port             uvm_analysis_port                   -     @563             

      item_wtr_port             uvm_analysis_port                   -     @553             

      monitor                   uvm_monitor                         -     @2168            

        item_ar2r_port          uvm_analysis_port                   -     @2237            

        item_ar_port            uvm_analysis_port                   -     @2207            

        item_aw2b_port          uvm_analysis_port                   -     @2227            

        item_aw_port            uvm_analysis_port                   -     @2177            

        item_b_port             uvm_analysis_port                   -     @2197            

        item_r_port             uvm_analysis_port                   -     @2217            

        item_w_port             uvm_analysis_port                   -     @2187            

        checks_enable           integral                            1     'h1              

        coverage_enable         integral                            1     'h1              

      slave                     uvm_agent                           -     @2346            

        ardrv                   uvm_driver #(REQ,RSP)               -     @3023            

          item_read_imp         uvm_analysis_port                   -     @3052            

          rsp_port              uvm_analysis_port                   -     @3042            

          seq_item_port         uvm_seq_item_pull_port              -     @3032            

          m_num_sent            integral                            32    'h0              

        arsqr                   axi_sequencer                       -     @3062            

          rsp_export            uvm_analysis_export                 -     @3071            

          seq_item_export       uvm_seq_item_pull_imp               -     @3189            

          arbitration_queue     array                               0     -                

          lock_queue            array                               0     -                

          num_last_reqs         integral                            32    'd1              

          num_last_rsps         integral                            32    'd1              

        awdrv                   uvm_driver #(REQ,RSP)               -     @2495            

          item_read_imp         uvm_analysis_port                   -     @2524            

          rsp_port              uvm_analysis_port                   -     @2514            

          seq_item_port         uvm_seq_item_pull_port              -     @2504            

          m_num_sent            integral                            32    'h0              

        awsqr                   axi_sequencer                       -     @2534            

          rsp_export            uvm_analysis_export                 -     @2543            

          seq_item_export       uvm_seq_item_pull_imp               -     @2661            

          arbitration_queue     array                               0     -                

          lock_queue            array                               0     -                

          num_last_reqs         integral                            32    'd1              

          num_last_rsps         integral                            32    'd1              

        bdrv                    uvm_driver #(REQ,RSP)               -     @2847            

          item_read_imp         uvm_analysis_port                   -     @2876            

          rsp_port              uvm_analysis_port                   -     @2866            

          seq_item_port         uvm_seq_item_pull_port              -     @2856            

          m_num_sent            integral                            32    'h0              

        bsqr                    axi_sequencer                       -     @2886            

          rsp_export            uvm_analysis_export                 -     @2895            

          seq_item_export       uvm_seq_item_pull_imp               -     @3013            

          arbitration_queue     array                               0     -                

          lock_queue            array                               0     -                

          num_last_reqs         integral                            32    'd1              

          num_last_rsps         integral                            32    'd1              

        rdrv                    uvm_driver #(REQ,RSP)               -     @3199            

          item_read_imp         uvm_analysis_port                   -     @3228            

          rsp_port              uvm_analysis_port                   -     @3218            

          seq_item_port         uvm_seq_item_pull_port              -     @3208            

          m_num_sent            integral                            32    'h0              

        rsqr                    axi_sequencer                       -     @3238            

          rsp_export            uvm_analysis_export                 -     @3247            

          seq_item_export       uvm_seq_item_pull_imp               -     @3365            

          arbitration_queue     array                               0     -                

          lock_queue            array                               0     -                

          num_last_reqs         integral                            32    'd1              

          num_last_rsps         integral                            32    'd1              

        wdrv                    uvm_driver #(REQ,RSP)               -     @2671            

          item_read_imp         uvm_analysis_port                   -     @2700            

          rsp_port              uvm_analysis_port                   -     @2690            

          seq_item_port         uvm_seq_item_pull_port              -     @2680            

          m_num_sent            integral                            32    'h0              

        wsqr                    axi_sequencer                       -     @2710            

          rsp_export            uvm_analysis_export                 -     @2719            

          seq_item_export       uvm_seq_item_pull_imp               -     @2837            

          arbitration_queue     array                               0     -                

          lock_queue            array                               0     -                

          num_last_reqs         integral                            32    'd1              

          num_last_rsps         integral                            32    'd1              

      state                     axi_state                           -     @2247            

        ar2r_imp                uvm_analysis_imp_ar2r               -     @2316            

        ar_imp                  uvm_analysis_imp_ar                 -     @2286            

        aw2b_imp                uvm_analysis_imp_aw2b               -     @2306            

        aw_imp                  uvm_analysis_imp_aw                 -     @2256            

        b_imp                   uvm_analysis_imp_b                  -     @2276            

        item_rtr_port           uvm_analysis_port                   -     @2336            

        item_wtr_port           uvm_analysis_port                   -     @2326            

        r_imp                   uvm_analysis_imp_r                  -     @2296            

        w_imp                   uvm_analysis_imp_w                  -     @2266            

        avg_rate                integral                            32    'h0              

        exp_rate                integral                            32    'h0              

        win_size                integral                            32    'h0              

        bqnum_for_slaseq        integral                            32    'h0              

        rq_from_model_num       integral                            32    'h0              

      vsqr                      axi_virtual_sequencer               -     @2355            

        rsp_export              uvm_analysis_export                 -     @2364            

        seq_item_export         uvm_seq_item_pull_imp               -     @2482            

        arbitration_queue       array                               0     -                

        lock_queue              array                               0     -                

        num_last_reqs           integral                            32    'd1              

        num_last_rsps           integral                            32    'd1              

      cfg                       axi_cfg                             -     @408             

        has_checker             integral                            1     'h1              

        has_coverage            integral                            1     'h1              

        id_num                  integral                            32    'h1              

        reset_level             reset_level_enum                    32    RESET_LEVEL_LOW  

        drv_type                drv_type_enum                       32    SLAVE            

        write_latency_mode      latency_mode_enum                   32    TRANSACTION_FIRST

        read_latency_mode       latency_mode_enum                   32    TRANSACTION_FIRST

        clatency                axi_latency_gmem_meta               -     @542             

          wr_latency            integral                            32    'h0              

          rd_latency            integral                            32    'h0              

    axi_master_gmem_sw          uvm_env                             -     @448             

      item_rtr_port             uvm_analysis_port                   -     @467             

      item_wtr_port             uvm_analysis_port                   -     @457             

      monitor                   uvm_monitor                         -     @3446            

        item_ar2r_port          uvm_analysis_port                   -     @3515            

        item_ar_port            uvm_analysis_port                   -     @3485            

        item_aw2b_port          uvm_analysis_port                   -     @3505            

        item_aw_port            uvm_analysis_port                   -     @3455            

        item_b_port             uvm_analysis_port                   -     @3475            

        item_r_port             uvm_analysis_port                   -     @3495            

        item_w_port             uvm_analysis_port                   -     @3465            

        checks_enable           integral                            1     'h1              

        coverage_enable         integral                            1     'h1              

      slave                     uvm_agent                           -     @3624            

        ardrv                   uvm_driver #(REQ,RSP)               -     @4301            

          item_read_imp         uvm_analysis_port                   -     @4330            

          rsp_port              uvm_analysis_port                   -     @4320            

          seq_item_port         uvm_seq_item_pull_port              -     @4310            

          m_num_sent            integral                            32    'h0              

        arsqr                   axi_sequencer                       -     @4340            

          rsp_export            uvm_analysis_export                 -     @4349            

          seq_item_export       uvm_seq_item_pull_imp               -     @4467            

          arbitration_queue     array                               0     -                

          lock_queue            array                               0     -                

          num_last_reqs         integral                            32    'd1              

          num_last_rsps         integral                            32    'd1              

        awdrv                   uvm_driver #(REQ,RSP)               -     @3773            

          item_read_imp         uvm_analysis_port                   -     @3802            

          rsp_port              uvm_analysis_port                   -     @3792            

          seq_item_port         uvm_seq_item_pull_port              -     @3782            

          m_num_sent            integral                            32    'h0              

        awsqr                   axi_sequencer                       -     @3812            

          rsp_export            uvm_analysis_export                 -     @3821            

          seq_item_export       uvm_seq_item_pull_imp               -     @3939            

          arbitration_queue     array                               0     -                

          lock_queue            array                               0     -                

          num_last_reqs         integral                            32    'd1              

          num_last_rsps         integral                            32    'd1              

        bdrv                    uvm_driver #(REQ,RSP)               -     @4125            

          item_read_imp         uvm_analysis_port                   -     @4154            

          rsp_port              uvm_analysis_port                   -     @4144            

          seq_item_port         uvm_seq_item_pull_port              -     @4134            

          m_num_sent            integral                            32    'h0              

        bsqr                    axi_sequencer                       -     @4164            

          rsp_export            uvm_analysis_export                 -     @4173            

          seq_item_export       uvm_seq_item_pull_imp               -     @4291            

          arbitration_queue     array                               0     -                

          lock_queue            array                               0     -                

          num_last_reqs         integral                            32    'd1              

          num_last_rsps         integral                            32    'd1              

        rdrv                    uvm_driver #(REQ,RSP)               -     @4477            

          item_read_imp         uvm_analysis_port                   -     @4506            

          rsp_port              uvm_analysis_port                   -     @4496            

          seq_item_port         uvm_seq_item_pull_port              -     @4486            

          m_num_sent            integral                            32    'h0              

        rsqr                    axi_sequencer                       -     @4516            

          rsp_export            uvm_analysis_export                 -     @4525            

          seq_item_export       uvm_seq_item_pull_imp               -     @4643            

          arbitration_queue     array                               0     -                

          lock_queue            array                               0     -                

          num_last_reqs         integral                            32    'd1              

          num_last_rsps         integral                            32    'd1              

        wdrv                    uvm_driver #(REQ,RSP)               -     @3949            

          item_read_imp         uvm_analysis_port                   -     @3978            

          rsp_port              uvm_analysis_port                   -     @3968            

          seq_item_port         uvm_seq_item_pull_port              -     @3958            

          m_num_sent            integral                            32    'h0              

        wsqr                    axi_sequencer                       -     @3988            

          rsp_export            uvm_analysis_export                 -     @3997            

          seq_item_export       uvm_seq_item_pull_imp               -     @4115            

          arbitration_queue     array                               0     -                

          lock_queue            array                               0     -                

          num_last_reqs         integral                            32    'd1              

          num_last_rsps         integral                            32    'd1              

      state                     axi_state                           -     @3525            

        ar2r_imp                uvm_analysis_imp_ar2r               -     @3594            

        ar_imp                  uvm_analysis_imp_ar                 -     @3564            

        aw2b_imp                uvm_analysis_imp_aw2b               -     @3584            

        aw_imp                  uvm_analysis_imp_aw                 -     @3534            

        b_imp                   uvm_analysis_imp_b                  -     @3554            

        item_rtr_port           uvm_analysis_port                   -     @3614            

        item_wtr_port           uvm_analysis_port                   -     @3604            

        r_imp                   uvm_analysis_imp_r                  -     @3574            

        w_imp                   uvm_analysis_imp_w                  -     @3544            

        avg_rate                integral                            32    'h0              

        exp_rate                integral                            32    'h0              

        win_size                integral                            32    'h0              

        bqnum_for_slaseq        integral                            32    'h0              

        rq_from_model_num       integral                            32    'h0              

      vsqr                      axi_virtual_sequencer               -     @3633            

        rsp_export              uvm_analysis_export                 -     @3642            

        seq_item_export         uvm_seq_item_pull_imp               -     @3760            

        arbitration_queue       array                               0     -                

        lock_queue              array                               0     -                

        num_last_reqs           integral                            32    'd1              

        num_last_rsps           integral                            32    'd1              

      cfg                       axi_cfg                             -     @405             

        has_checker             integral                            1     'h1              

        has_coverage            integral                            1     'h1              

        id_num                  integral                            32    'h1              

        reset_level             reset_level_enum                    32    RESET_LEVEL_LOW  

        drv_type                drv_type_enum                       32    SLAVE            

        write_latency_mode      latency_mode_enum                   32    TRANSACTION_FIRST

        read_latency_mode       latency_mode_enum                   32    TRANSACTION_FIRST

        clatency                axi_latency_gmem_sw                 -     @446             

          wr_latency            integral                            32    'h0              

          rd_latency            integral                            32    'h0              

    axi_master_gmem_w           uvm_env                             -     @416             

      item_rtr_port             uvm_analysis_port                   -     @435             

      item_wtr_port             uvm_analysis_port                   -     @425             

      monitor                   uvm_monitor                         -     @4724            

        item_ar2r_port          uvm_analysis_port                   -     @4793            

        item_ar_port            uvm_analysis_port                   -     @4763            

        item_aw2b_port          uvm_analysis_port                   -     @4783            

        item_aw_port            uvm_analysis_port                   -     @4733            

        item_b_port             uvm_analysis_port                   -     @4753            

        item_r_port             uvm_analysis_port                   -     @4773            

        item_w_port             uvm_analysis_port                   -     @4743            

        checks_enable           integral                            1     'h1              

        coverage_enable         integral                            1     'h1              

      slave                     uvm_agent                           -     @4902            

        ardrv                   uvm_driver #(REQ,RSP)               -     @5579            

          item_read_imp         uvm_analysis_port                   -     @5608            

          rsp_port              uvm_analysis_port                   -     @5598            

          seq_item_port         uvm_seq_item_pull_port              -     @5588            

          m_num_sent            integral                            32    'h0              

        arsqr                   axi_sequencer                       -     @5618            

          rsp_export            uvm_analysis_export                 -     @5627            

          seq_item_export       uvm_seq_item_pull_imp               -     @5745            

          arbitration_queue     array                               0     -                

          lock_queue            array                               0     -                

          num_last_reqs         integral                            32    'd1              

          num_last_rsps         integral                            32    'd1              

        awdrv                   uvm_driver #(REQ,RSP)               -     @5051            

          item_read_imp         uvm_analysis_port                   -     @5080            

          rsp_port              uvm_analysis_port                   -     @5070            

          seq_item_port         uvm_seq_item_pull_port              -     @5060            

          m_num_sent            integral                            32    'h0              

        awsqr                   axi_sequencer                       -     @5090            

          rsp_export            uvm_analysis_export                 -     @5099            

          seq_item_export       uvm_seq_item_pull_imp               -     @5217            

          arbitration_queue     array                               0     -                

          lock_queue            array                               0     -                

          num_last_reqs         integral                            32    'd1              

          num_last_rsps         integral                            32    'd1              

        bdrv                    uvm_driver #(REQ,RSP)               -     @5403            

          item_read_imp         uvm_analysis_port                   -     @5432            

          rsp_port              uvm_analysis_port                   -     @5422            

          seq_item_port         uvm_seq_item_pull_port              -     @5412            

          m_num_sent            integral                            32    'h0              

        bsqr                    axi_sequencer                       -     @5442            

          rsp_export            uvm_analysis_export                 -     @5451            

          seq_item_export       uvm_seq_item_pull_imp               -     @5569            

          arbitration_queue     array                               0     -                

          lock_queue            array                               0     -                

          num_last_reqs         integral                            32    'd1              

          num_last_rsps         integral                            32    'd1              

        rdrv                    uvm_driver #(REQ,RSP)               -     @5755            

          item_read_imp         uvm_analysis_port                   -     @5784            

          rsp_port              uvm_analysis_port                   -     @5774            

          seq_item_port         uvm_seq_item_pull_port              -     @5764            

          m_num_sent            integral                            32    'h0              

        rsqr                    axi_sequencer                       -     @5794            

          rsp_export            uvm_analysis_export                 -     @5803            

          seq_item_export       uvm_seq_item_pull_imp               -     @5921            

          arbitration_queue     array                               0     -                

          lock_queue            array                               0     -                

          num_last_reqs         integral                            32    'd1              

          num_last_rsps         integral                            32    'd1              

        wdrv                    uvm_driver #(REQ,RSP)               -     @5227            

          item_read_imp         uvm_analysis_port                   -     @5256            

          rsp_port              uvm_analysis_port                   -     @5246            

          seq_item_port         uvm_seq_item_pull_port              -     @5236            

          m_num_sent            integral                            32    'h0              

        wsqr                    axi_sequencer                       -     @5266            

          rsp_export            uvm_analysis_export                 -     @5275            

          seq_item_export       uvm_seq_item_pull_imp               -     @5393            

          arbitration_queue     array                               0     -                

          lock_queue            array                               0     -                

          num_last_reqs         integral                            32    'd1              

          num_last_rsps         integral                            32    'd1              

      state                     axi_state                           -     @4803            

        ar2r_imp                uvm_analysis_imp_ar2r               -     @4872            

        ar_imp                  uvm_analysis_imp_ar                 -     @4842            

        aw2b_imp                uvm_analysis_imp_aw2b               -     @4862            

        aw_imp                  uvm_analysis_imp_aw                 -     @4812            

        b_imp                   uvm_analysis_imp_b                  -     @4832            

        item_rtr_port           uvm_analysis_port                   -     @4892            

        item_wtr_port           uvm_analysis_port                   -     @4882            

        r_imp                   uvm_analysis_imp_r                  -     @4852            

        w_imp                   uvm_analysis_imp_w                  -     @4822            

        avg_rate                integral                            32    'h0              

        exp_rate                integral                            32    'h0              

        win_size                integral                            32    'h0              

        bqnum_for_slaseq        integral                            32    'h0              

        rq_from_model_num       integral                            32    'h0              

      vsqr                      axi_virtual_sequencer               -     @4911            

        rsp_export              uvm_analysis_export                 -     @4920            

        seq_item_export         uvm_seq_item_pull_imp               -     @5038            

        arbitration_queue       array                               0     -                

        lock_queue              array                               0     -                

        num_last_reqs           integral                            32    'd1              

        num_last_rsps           integral                            32    'd1              

      cfg                       axi_cfg                             -     @404             

        has_checker             integral                            1     'h1              

        has_coverage            integral                            1     'h1              

        id_num                  integral                            32    'h1              

        reset_level             reset_level_enum                    32    RESET_LEVEL_LOW  

        drv_type                drv_type_enum                       32    SLAVE            

        write_latency_mode      latency_mode_enum                   32    TRANSACTION_FIRST

        read_latency_mode       latency_mode_enum                   32    TRANSACTION_FIRST

        clatency                axi_latency_gmem_w                  -     @411             

          wr_latency            integral                            32    'h0              

          rd_latency            integral                            32    'h0              

    axi_master_gmem_x           uvm_env                             -     @480             

      item_rtr_port             uvm_analysis_port                   -     @499             

      item_wtr_port             uvm_analysis_port                   -     @489             

      monitor                   uvm_monitor                         -     @6002            

        item_ar2r_port          uvm_analysis_port                   -     @6071            

        item_ar_port            uvm_analysis_port                   -     @6041            

        item_aw2b_port          uvm_analysis_port                   -     @6061            

        item_aw_port            uvm_analysis_port                   -     @6011            

        item_b_port             uvm_analysis_port                   -     @6031            

        item_r_port             uvm_analysis_port                   -     @6051            

        item_w_port             uvm_analysis_port                   -     @6021            

        checks_enable           integral                            1     'h1              

        coverage_enable         integral                            1     'h1              

      slave                     uvm_agent                           -     @6180            

        ardrv                   uvm_driver #(REQ,RSP)               -     @6857            

          item_read_imp         uvm_analysis_port                   -     @6886            

          rsp_port              uvm_analysis_port                   -     @6876            

          seq_item_port         uvm_seq_item_pull_port              -     @6866            

          m_num_sent            integral                            32    'h0              

        arsqr                   axi_sequencer                       -     @6896            

          rsp_export            uvm_analysis_export                 -     @6905            

          seq_item_export       uvm_seq_item_pull_imp               -     @7023            

          arbitration_queue     array                               0     -                

          lock_queue            array                               0     -                

          num_last_reqs         integral                            32    'd1              

          num_last_rsps         integral                            32    'd1              

        awdrv                   uvm_driver #(REQ,RSP)               -     @6329            

          item_read_imp         uvm_analysis_port                   -     @6358            

          rsp_port              uvm_analysis_port                   -     @6348            

          seq_item_port         uvm_seq_item_pull_port              -     @6338            

          m_num_sent            integral                            32    'h0              

        awsqr                   axi_sequencer                       -     @6368            

          rsp_export            uvm_analysis_export                 -     @6377            

          seq_item_export       uvm_seq_item_pull_imp               -     @6495            

          arbitration_queue     array                               0     -                

          lock_queue            array                               0     -                

          num_last_reqs         integral                            32    'd1              

          num_last_rsps         integral                            32    'd1              

        bdrv                    uvm_driver #(REQ,RSP)               -     @6681            

          item_read_imp         uvm_analysis_port                   -     @6710            

          rsp_port              uvm_analysis_port                   -     @6700            

          seq_item_port         uvm_seq_item_pull_port              -     @6690            

          m_num_sent            integral                            32    'h0              

        bsqr                    axi_sequencer                       -     @6720            

          rsp_export            uvm_analysis_export                 -     @6729            

          seq_item_export       uvm_seq_item_pull_imp               -     @6847            

          arbitration_queue     array                               0     -                

          lock_queue            array                               0     -                

          num_last_reqs         integral                            32    'd1              

          num_last_rsps         integral                            32    'd1              

        rdrv                    uvm_driver #(REQ,RSP)               -     @7033            

          item_read_imp         uvm_analysis_port                   -     @7062            

          rsp_port              uvm_analysis_port                   -     @7052            

          seq_item_port         uvm_seq_item_pull_port              -     @7042            

          m_num_sent            integral                            32    'h0              

        rsqr                    axi_sequencer                       -     @7072            

          rsp_export            uvm_analysis_export                 -     @7081            

          seq_item_export       uvm_seq_item_pull_imp               -     @7199            

          arbitration_queue     array                               0     -                

          lock_queue            array                               0     -                

          num_last_reqs         integral                            32    'd1              

          num_last_rsps         integral                            32    'd1              

        wdrv                    uvm_driver #(REQ,RSP)               -     @6505            

          item_read_imp         uvm_analysis_port                   -     @6534            

          rsp_port              uvm_analysis_port                   -     @6524            

          seq_item_port         uvm_seq_item_pull_port              -     @6514            

          m_num_sent            integral                            32    'h0              

        wsqr                    axi_sequencer                       -     @6544            

          rsp_export            uvm_analysis_export                 -     @6553            

          seq_item_export       uvm_seq_item_pull_imp               -     @6671            

          arbitration_queue     array                               0     -                

          lock_queue            array                               0     -                

          num_last_reqs         integral                            32    'd1              

          num_last_rsps         integral                            32    'd1              

      state                     axi_state                           -     @6081            

        ar2r_imp                uvm_analysis_imp_ar2r               -     @6150            

        ar_imp                  uvm_analysis_imp_ar                 -     @6120            

        aw2b_imp                uvm_analysis_imp_aw2b               -     @6140            

        aw_imp                  uvm_analysis_imp_aw                 -     @6090            

        b_imp                   uvm_analysis_imp_b                  -     @6110            

        item_rtr_port           uvm_analysis_port                   -     @6170            

        item_wtr_port           uvm_analysis_port                   -     @6160            

        r_imp                   uvm_analysis_imp_r                  -     @6130            

        w_imp                   uvm_analysis_imp_w                  -     @6100            

        avg_rate                integral                            32    'h0              

        exp_rate                integral                            32    'h0              

        win_size                integral                            32    'h0              

        bqnum_for_slaseq        integral                            32    'h0              

        rq_from_model_num       integral                            32    'h0              

      vsqr                      axi_virtual_sequencer               -     @6189            

        rsp_export              uvm_analysis_export                 -     @6198            

        seq_item_export         uvm_seq_item_pull_imp               -     @6316            

        arbitration_queue       array                               0     -                

        lock_queue              array                               0     -                

        num_last_reqs           integral                            32    'd1              

        num_last_rsps           integral                            32    'd1              

      cfg                       axi_cfg                             -     @406             

        has_checker             integral                            1     'h1              

        has_coverage            integral                            1     'h1              

        id_num                  integral                            32    'h1              

        reset_level             reset_level_enum                    32    RESET_LEVEL_LOW  

        drv_type                drv_type_enum                       32    SLAVE            

        write_latency_mode      latency_mode_enum                   32    TRANSACTION_FIRST

        read_latency_mode       latency_mode_enum                   32    TRANSACTION_FIRST

        clatency                axi_latency_gmem_x                  -     @478             

          wr_latency            integral                            32    'h0              

          rd_latency            integral                            32    'h0              

    axi_master_gmem_y           uvm_env                             -     @512             

      item_rtr_port             uvm_analysis_port                   -     @531             

      item_wtr_port             uvm_analysis_port                   -     @521             

      monitor                   uvm_monitor                         -     @7280            

        item_ar2r_port          uvm_analysis_port                   -     @7349            

        item_ar_port            uvm_analysis_port                   -     @7319            

        item_aw2b_port          uvm_analysis_port                   -     @7339            

        item_aw_port            uvm_analysis_port                   -     @7289            

        item_b_port             uvm_analysis_port                   -     @7309            

        item_r_port             uvm_analysis_port                   -     @7329            

        item_w_port             uvm_analysis_port                   -     @7299            

        checks_enable           integral                            1     'h1              

        coverage_enable         integral                            1     'h1              

      slave                     uvm_agent                           -     @7458            

        ardrv                   uvm_driver #(REQ,RSP)               -     @8135            

          item_read_imp         uvm_analysis_port                   -     @8164            

          rsp_port              uvm_analysis_port                   -     @8154            

          seq_item_port         uvm_seq_item_pull_port              -     @8144            

          m_num_sent            integral                            32    'h0              

        arsqr                   axi_sequencer                       -     @8174            

          rsp_export            uvm_analysis_export                 -     @8183            

          seq_item_export       uvm_seq_item_pull_imp               -     @8301            

          arbitration_queue     array                               0     -                

          lock_queue            array                               0     -                

          num_last_reqs         integral                            32    'd1              

          num_last_rsps         integral                            32    'd1              

        awdrv                   uvm_driver #(REQ,RSP)               -     @7607            

          item_read_imp         uvm_analysis_port                   -     @7636            

          rsp_port              uvm_analysis_port                   -     @7626            

          seq_item_port         uvm_seq_item_pull_port              -     @7616            

          m_num_sent            integral                            32    'h0              

        awsqr                   axi_sequencer                       -     @7646            

          rsp_export            uvm_analysis_export                 -     @7655            

          seq_item_export       uvm_seq_item_pull_imp               -     @7773            

          arbitration_queue     array                               0     -                

          lock_queue            array                               0     -                

          num_last_reqs         integral                            32    'd1              

          num_last_rsps         integral                            32    'd1              

        bdrv                    uvm_driver #(REQ,RSP)               -     @7959            

          item_read_imp         uvm_analysis_port                   -     @7988            

          rsp_port              uvm_analysis_port                   -     @7978            

          seq_item_port         uvm_seq_item_pull_port              -     @7968            

          m_num_sent            integral                            32    'h0              

        bsqr                    axi_sequencer                       -     @7998            

          rsp_export            uvm_analysis_export                 -     @8007            

          seq_item_export       uvm_seq_item_pull_imp               -     @8125            

          arbitration_queue     array                               0     -                

          lock_queue            array                               0     -                

          num_last_reqs         integral                            32    'd1              

          num_last_rsps         integral                            32    'd1              

        rdrv                    uvm_driver #(REQ,RSP)               -     @8311            

          item_read_imp         uvm_analysis_port                   -     @8340            

          rsp_port              uvm_analysis_port                   -     @8330            

          seq_item_port         uvm_seq_item_pull_port              -     @8320            

          m_num_sent            integral                            32    'h0              

        rsqr                    axi_sequencer                       -     @8350            

          rsp_export            uvm_analysis_export                 -     @8359            

          seq_item_export       uvm_seq_item_pull_imp               -     @8477            

          arbitration_queue     array                               0     -                

          lock_queue            array                               0     -                

          num_last_reqs         integral                            32    'd1              

          num_last_rsps         integral                            32    'd1              

        wdrv                    uvm_driver #(REQ,RSP)               -     @7783            

          item_read_imp         uvm_analysis_port                   -     @7812            

          rsp_port              uvm_analysis_port                   -     @7802            

          seq_item_port         uvm_seq_item_pull_port              -     @7792            

          m_num_sent            integral                            32    'h0              

        wsqr                    axi_sequencer                       -     @7822            

          rsp_export            uvm_analysis_export                 -     @7831            

          seq_item_export       uvm_seq_item_pull_imp               -     @7949            

          arbitration_queue     array                               0     -                

          lock_queue            array                               0     -                

          num_last_reqs         integral                            32    'd1              

          num_last_rsps         integral                            32    'd1              

      state                     axi_state                           -     @7359            

        ar2r_imp                uvm_analysis_imp_ar2r               -     @7428            

        ar_imp                  uvm_analysis_imp_ar                 -     @7398            

        aw2b_imp                uvm_analysis_imp_aw2b               -     @7418            

        aw_imp                  uvm_analysis_imp_aw                 -     @7368            

        b_imp                   uvm_analysis_imp_b                  -     @7388            

        item_rtr_port           uvm_analysis_port                   -     @7448            

        item_wtr_port           uvm_analysis_port                   -     @7438            

        r_imp                   uvm_analysis_imp_r                  -     @7408            

        w_imp                   uvm_analysis_imp_w                  -     @7378            

        avg_rate                integral                            32    'h0              

        exp_rate                integral                            32    'h0              

        win_size                integral                            32    'h0              

        bqnum_for_slaseq        integral                            32    'h0              

        rq_from_model_num       integral                            32    'h0              

      vsqr                      axi_virtual_sequencer               -     @7467            

        rsp_export              uvm_analysis_export                 -     @7476            

        seq_item_export         uvm_seq_item_pull_imp               -     @7594            

        arbitration_queue       array                               0     -                

        lock_queue              array                               0     -                

        num_last_reqs           integral                            32    'd1              

        num_last_rsps           integral                            32    'd1              

      cfg                       axi_cfg                             -     @407             

        has_checker             integral                            1     'h1              

        has_coverage            integral                            1     'h1              

        id_num                  integral                            32    'h1              

        reset_level             reset_level_enum                    32    RESET_LEVEL_LOW  

        drv_type                drv_type_enum                       32    SLAVE            

        write_latency_mode      latency_mode_enum                   32    TRANSACTION_FIRST

        read_latency_mode       latency_mode_enum                   32    TRANSACTION_FIRST

        clatency                axi_latency_gmem_y                  -     @510             

          wr_latency            integral                            32    'h0              

          rd_latency            integral                            32    'h0              

    refm                        w4a8_linear_v1_reference_model      -     @605             

      trans_num_idx             integral                            32    'h0              

    subsys_mon                  w4a8_linear_v1_subsystem_monitor    -     @618             

      control_rtr_imp           uvm_analysis_imp_axi_rtr_control    -     @737             

      control_wtr_imp           uvm_analysis_imp_axi_wtr_control    -     @727             

      gmem_meta_rtr_imp         uvm_analysis_imp_axi_rtr_gmem_meta  -     @717             

      gmem_meta_wtr_imp         uvm_analysis_imp_axi_wtr_gmem_meta  -     @707             

      gmem_sw_rtr_imp           uvm_analysis_imp_axi_rtr_gmem_sw    -     @657             

      gmem_sw_wtr_imp           uvm_analysis_imp_axi_wtr_gmem_sw    -     @647             

      gmem_w_rtr_imp            uvm_analysis_imp_axi_rtr_gmem_w     -     @637             

      gmem_w_wtr_imp            uvm_analysis_imp_axi_wtr_gmem_w     -     @627             

      gmem_x_rtr_imp            uvm_analysis_imp_axi_rtr_gmem_x     -     @677             

      gmem_x_wtr_imp            uvm_analysis_imp_axi_wtr_gmem_x     -     @667             

      gmem_y_rtr_imp            uvm_analysis_imp_axi_rtr_gmem_y     -     @697             

      gmem_y_wtr_imp            uvm_analysis_imp_axi_wtr_gmem_y     -     @687             

      scbd                      w4a8_linear_v1_scoreboard           -     @8562            

        refm                    w4a8_linear_v1_reference_model      -     @605             

          trans_num_idx         integral                            32    'h0              

    w4a8_linear_v1_virtual_sqr  w4a8_linear_v1_virtual_sequencer    -     @747             

      rsp_export                uvm_analysis_export                 -     @756             

      seq_item_export           uvm_seq_item_pull_imp               -     @874             

      arbitration_queue         array                               0     -                

      lock_queue                array                               0     -                

      num_last_reqs             integral                            32    'd1              

      num_last_rsps             integral                            32    'd1              

    refm                        w4a8_linear_v1_reference_model      -     @605             

    w4a8_linear_v1_virtual_sqr  w4a8_linear_v1_virtual_sequencer    -     @747             

    w4a8_linear_v1_cfg          w4a8_linear_v1_config               -     @403             

      gmem_w_cfg                axi_cfg                             -     @404             

        has_checker             integral                            1     'h1              

        has_coverage            integral                            1     'h1              

        id_num                  integral                            32    'h1              

        reset_level             reset_level_enum                    32    RESET_LEVEL_LOW  

        drv_type                drv_type_enum                       32    SLAVE            

        write_latency_mode      latency_mode_enum                   32    TRANSACTION_FIRST

        read_latency_mode       latency_mode_enum                   32    TRANSACTION_FIRST

        clatency                axi_latency_gmem_w                  -     @411             

          wr_latency            integral                            32    'h0              

          rd_latency            integral                            32    'h0              

      gmem_sw_cfg               axi_cfg                             -     @405             

        has_checker             integral                            1     'h1              

        has_coverage            integral                            1     'h1              

        id_num                  integral                            32    'h1              

        reset_level             reset_level_enum                    32    RESET_LEVEL_LOW  

        drv_type                drv_type_enum                       32    SLAVE            

        write_latency_mode      latency_mode_enum                   32    TRANSACTION_FIRST

        read_latency_mode       latency_mode_enum                   32    TRANSACTION_FIRST

        clatency                axi_latency_gmem_sw                 -     @446             

          wr_latency            integral                            32    'h0              

          rd_latency            integral                            32    'h0              

      gmem_x_cfg                axi_cfg                             -     @406             

        has_checker             integral                            1     'h1              

        has_coverage            integral                            1     'h1              

        id_num                  integral                            32    'h1              

        reset_level             reset_level_enum                    32    RESET_LEVEL_LOW  

        drv_type                drv_type_enum                       32    SLAVE            

        write_latency_mode      latency_mode_enum                   32    TRANSACTION_FIRST

        read_latency_mode       latency_mode_enum                   32    TRANSACTION_FIRST

        clatency                axi_latency_gmem_x                  -     @478             

          wr_latency            integral                            32    'h0              

          rd_latency            integral                            32    'h0              

      gmem_y_cfg                axi_cfg                             -     @407             

        has_checker             integral                            1     'h1              

        has_coverage            integral                            1     'h1              

        id_num                  integral                            32    'h1              

        reset_level             reset_level_enum                    32    RESET_LEVEL_LOW  

        drv_type                drv_type_enum                       32    SLAVE            

        write_latency_mode      latency_mode_enum                   32    TRANSACTION_FIRST

        read_latency_mode       latency_mode_enum                   32    TRANSACTION_FIRST

        clatency                axi_latency_gmem_y                  -     @510             

          wr_latency            integral                            32    'h0              

          rd_latency            integral                            32    'h0              

      gmem_meta_cfg             axi_cfg                             -     @408             

        has_checker             integral                            1     'h1              

        has_coverage            integral                            1     'h1              

        id_num                  integral                            32    'h1              

        reset_level             reset_level_enum                    32    RESET_LEVEL_LOW  

        drv_type                drv_type_enum                       32    SLAVE            

        write_latency_mode      latency_mode_enum                   32    TRANSACTION_FIRST

        read_latency_mode       latency_mode_enum                   32    TRANSACTION_FIRST

        clatency                axi_latency_gmem_meta               -     @542             

          wr_latency            integral                            32    'h0              

          rd_latency            integral                            32    'h0              

      control_cfg               axi_cfg                             -     @409             

        has_checker             integral                            1     'h1              

        has_coverage            integral                            1     'h1              

        id_num                  integral                            32    'h1              

        reset_level             reset_level_enum                    32    RESET_LEVEL_LOW  

        drv_type                drv_type_enum                       32    MASTER           

        write_latency_mode      latency_mode_enum                   32    CHANNEL_FIRST    

        read_latency_mode       latency_mode_enum                   32    CHANNEL_FIRST    

        clatency                axi_latency_control                 -     @574             

          wr_latency            integral                            32    'h0              

          rd_latency            integral                            32    'h0              

      check_ena                 integral                            32    'h0              

      cover_ena                 integral                            32    'h0              

-------------------------------------------------------------------------------------------



UVM_INFO D:/2026.1/2026.1/Vivado/data/system_verilog/uvm_1.2/xlnx_uvm_package.sv(20867) @ 0: reporter [UVM/COMP/NAMECHECK] This implementation of the component name checks requires DPI to be enabled

////////////////////////////////////////////////////////////////////////////////////

// Inter-Transaction Progress: Completed Transaction / Total Transaction

// Intra-Transaction Progress: Measured Latency / Latency Estimation * 100%

//

// RTL Simulation : "Inter-Transaction Progress" ["Intra-Transaction Progress"] @ "Simulation Time"

////////////////////////////////////////////////////////////////////////////////////

// RTL Simulation : 0 / 12 [n/a] @ "117000"

// RTL Simulation : 1 / 12 [n/a] @ "9494000"

// RTL Simulation : 2 / 12 [n/a] @ "18292000"

// RTL Simulation : 3 / 12 [n/a] @ "27130000"

// RTL Simulation : 4 / 12 [n/a] @ "49161000"

// RTL Simulation : 5 / 12 [n/a] @ "91911000"

// RTL Simulation : 6 / 12 [n/a] @ "100849000"

// RTL Simulation : 7 / 12 [n/a] @ "122860000"

// RTL Simulation : 8 / 12 [n/a] @ "131805000"

// RTL Simulation : 9 / 12 [n/a] @ "198871000"

// RTL Simulation : 10 / 12 [n/a] @ "251705000"

// RTL Simulation : 11 / 12 [n/a] @ "260616000"

// RTL Simulation : 12 / 12 [n/a] @ "269460000"

////////////////////////////////////////////////////////////////////////////////////

$finish called at time : 269506890 ps : File "D:/2026.1/2026.1/Vivado/data/system_verilog/uvm_1.2/xlnx_uvm_package.sv" Line 18699

run: Time (s): cpu = 00:00:31 ; elapsed = 00:01:09 . Memory (MB): peak = 412.922 ; gain = 52.781

## quit

INFO: xsimkernel Simulation Memory Usage: 5290456 KB (Peak: 5290456 KB), Simulation CPU Usage: 46343 ms

INFO: [Common 17-206] Exiting xsim at Sat Oct  3 04:22:27 2026...

INFO: [COSIM 212-316] Starting C post checking ...

TRANSACTION index=0 case=hand_sample T=1 N=2 K=2 job=1000

TRANSACTION index=1 case=hand_sample T=1 N=2 K=2 job=7777

METRICS case=hand_sample max_abs=0 nrmse=0 atol=1e-06 rtol=0

PASS case=hand_sample T=1 N=2 K=2 source=synthetic seed=1

TRANSACTION index=2 case=tile_random T=1 N=32 K=128 job=1002

METRICS case=tile_random max_abs=0 nrmse=0 atol=1e-06 rtol=0

PASS case=tile_random T=1 N=32 K=128 source=synthetic seed=539365377

TRANSACTION index=3 case=nk_tail T=1 N=33 K=129 job=1003

METRICS case=nk_tail max_abs=0 nrmse=0 atol=1e-06 rtol=0

PASS case=nk_tail T=1 N=33 K=129 source=synthetic seed=539365378

TRANSACTION index=4 case=three_groups T=1 N=65 K=257 job=1004

METRICS case=three_groups max_abs=0 nrmse=0 atol=1e-06 rtol=0

PASS case=three_groups T=1 N=65 K=257 source=synthetic seed=539365379

TRANSACTION index=5 case=single T=1 N=1 K=1 job=1005

METRICS case=single max_abs=0 nrmse=0 atol=1e-06 rtol=0

PASS case=single T=1 N=1 K=1 source=synthetic seed=539365380

TRANSACTION index=6 case=zeros T=1 N=33 K=129 job=1006

METRICS case=zeros max_abs=0 nrmse=0 atol=1e-06 rtol=0

PASS case=zeros T=1 N=33 K=129 source=synthetic seed=539365381

TRANSACTION index=7 case=extremes T=1 N=32 K=128 job=1007

METRICS case=extremes max_abs=0 nrmse=0 atol=1e-06 rtol=0

PASS case=extremes T=1 N=32 K=128 source=synthetic seed=539365382

TRANSACTION index=8 case=t4_compat T=4 N=33 K=129 job=1008

METRICS case=t4_compat max_abs=0 nrmse=0 atol=1e-06 rtol=0

PASS case=t4_compat T=4 N=33 K=129 source=synthetic seed=539365383

TRANSACTION index=9 case=t8_compat T=8 N=1 K=1 job=1009

METRICS case=t8_compat max_abs=0 nrmse=0 atol=1e-06 rtol=0

PASS case=t8_compat T=8 N=1 K=1 source=synthetic seed=539365384

TRANSACTION index=10 case=nonbinary_scale T=1 N=32 K=128 job=1010

METRICS case=nonbinary_scale max_abs=0 nrmse=0 atol=1e-06 rtol=0

PASS case=nonbinary_scale T=1 N=32 K=128 source=synthetic seed=539365385

TRANSACTION index=11 case=padding_reserved T=1 N=1 K=1 job=1011

METRICS case=padding_reserved max_abs=0 nrmse=0 atol=1e-06 rtol=0

PASS case=padding_reserved T=1 N=1 K=1 source=synthetic seed=17

B03 PASS suite=stress_basic source=synthetic transactions=12 int32_partial_checks=699 fp32_output_checks=928

INFO: [COSIM 212-1000] *** C/RTL co-simulation finished: PASS ***

INFO: [HLS 200-112] Total CPU user time: 6 seconds. Total CPU system time: 9 seconds. Total elapsed time: 222.215 seconds; peak allocated memory: 501.836 MB.

INFO: [vitis-run 60-791] Total elapsed time: 0h 3m 47s
